order_id,supplier_id,part_id,order_date,promised_date,quantity,unit_price_usd
1,7,77,2024-01-01,2024-02-21,7,495.58
2,9,38,2024-01-01,2024-01-29,84,192.06
3,12,9,2024-01-01,2024-01-21,37,38.58
4,2,89,2024-01-02,2024-02-26,28,966.34
5,8,120,2024-01-02,2024-01-12,206,8.2
6,17,64,2024-01-02,2024-02-15,20,755.66
7,23,65,2024-01-02,2024-02-09,7,203.27
8,5,52,2024-01-03,2024-02-06,41,226.1
9,5,71,2024-01-03,2024-02-05,8,2402.2
10,12,87,2024-01-03,2024-02-23,37,3975.19
11,23,119,2024-01-03,2024-01-13,168,12.22
12,23,62,2024-01-03,2024-02-12,31,586.15
13,24,43,2024-01-03,2024-02-07,37,512.74
14,4,81,2024-01-04,2024-02-26,4,1553.31
15,4,96,2024-01-04,2024-01-14,1624,6.94
16,5,53,2024-01-04,2024-02-08,13,1219.32
17,8,111,2024-01-04,2024-01-18,56,6.12
18,14,68,2024-01-04,2024-02-15,8,1181.63
19,17,61,2024-01-04,2024-02-12,22,163.11
20,1,90,2024-01-05,2024-02-22,11,2579.09
21,9,40,2024-01-05,2024-01-31,84,26.47
22,13,105,2024-01-05,2024-01-18,5482,5.46
23,23,75,2024-01-05,2024-02-15,26,934.82
24,5,74,2024-01-06,2024-02-20,6,507.04
25,8,119,2024-01-06,2024-01-20,561,12.39
26,9,45,2024-01-06,2024-02-06,61,29.99
27,23,71,2024-01-06,2024-02-14,14,2426.63
28,8,112,2024-01-07,2024-01-22,958,31.97
29,9,42,2024-01-07,2024-01-31,900,51.84
30,19,1,2024-01-07,2024-01-29,164,68.04
31,6,36,2024-01-08,2024-02-02,115,62.03
32,8,118,2024-01-08,2024-01-21,161,8.28
33,8,112,2024-01-08,2024-01-13,237,32.22
34,8,120,2024-01-08,2024-01-18,54,8.22
35,17,75,2024-01-08,2024-02-13,131,921.5
36,23,69,2024-01-08,2024-02-20,14,153.7
37,6,39,2024-01-09,2024-02-05,85,76.86
38,8,115,2024-01-09,2024-01-16,330,13.55
39,8,115,2024-01-09,2024-01-18,148,14.16
40,9,32,2024-01-09,2024-02-11,45,256.57
41,12,87,2024-01-09,2024-03-03,5,4347.03
42,14,45,2024-01-09,2024-02-07,64,32.24
43,14,34,2024-01-09,2024-02-05,67,413.96
44,15,22,2024-01-09,2024-02-22,77,1345.93
45,7,88,2024-01-10,2024-03-03,12,2608.55
46,8,117,2024-01-10,2024-01-21,649,88.95
47,9,42,2024-01-10,2024-02-05,78,49.98
48,14,75,2024-01-10,2024-02-17,25,1006.98
49,12,3,2024-01-11,2024-01-31,246,239.63
50,18,113,2024-01-11,2024-01-18,648,8.14
51,2,88,2024-01-12,2024-03-03,13,2810.13
52,6,38,2024-01-12,2024-02-08,47,182.83
53,9,40,2024-01-12,2024-02-09,102,29.75
54,24,38,2024-01-12,2024-02-09,54,202.7
55,24,34,2024-01-12,2024-02-05,25,420.26
56,7,89,2024-01-13,2024-03-03,6,899.41
57,8,117,2024-01-13,2024-01-24,42,92.65
58,8,109,2024-01-13,2024-01-19,136,72.23
59,9,39,2024-01-13,2024-02-10,86,76.69
60,14,38,2024-01-13,2024-02-11,39,180.5
61,9,34,2024-01-14,2024-02-11,169,416.28
62,24,40,2024-01-14,2024-02-07,35,28.89
63,12,90,2024-01-15,2024-03-01,8,2483.76
64,13,27,2024-01-15,2024-03-03,14,106.69
65,14,35,2024-01-15,2024-02-14,140,125.51
66,24,36,2024-01-15,2024-02-11,84,56.14
67,4,87,2024-01-16,2024-03-06,60,4330.36
68,8,111,2024-01-16,2024-01-23,167,5.95
69,19,98,2024-01-16,2024-01-27,1206,24.37
70,1,89,2024-01-17,2024-03-12,30,870.17
71,19,2,2024-01-17,2024-02-05,441,16.35
72,23,65,2024-01-17,2024-02-26,30,195.22
73,24,33,2024-01-17,2024-02-11,207,410.58
74,8,116,2024-01-18,2024-01-29,129,7.58
75,8,116,2024-01-18,2024-01-31,409,8.14
76,12,7,2024-01-18,2024-02-10,93,22.83
77,19,4,2024-01-19,2024-02-09,281,277.08
78,4,78,2024-01-20,2024-03-12,4,4226.41
79,8,116,2024-01-20,2024-01-30,175,7.98
80,9,39,2024-01-20,2024-02-16,16,69.71
81,7,80,2024-01-21,2024-03-12,18,1232.48
82,21,110,2024-01-21,2024-02-04,270,6.95
83,11,36,2024-01-22,2024-02-18,84,58.87
84,13,18,2024-01-22,2024-03-08,35,204.99
85,17,63,2024-01-22,2024-03-02,39,1036.26
86,19,3,2024-01-22,2024-02-09,78,220.93
87,23,118,2024-01-22,2024-01-27,242,8.37
88,5,74,2024-01-23,2024-03-01,50,507.13
89,7,89,2024-01-23,2024-03-13,5,932.51
90,15,21,2024-01-23,2024-03-08,209,168.09
91,23,65,2024-01-23,2024-03-03,26,202.1
92,15,19,2024-01-24,2024-03-06,6,924.21
93,17,66,2024-01-24,2024-03-02,6,1614.85
94,17,24,2024-01-24,2024-03-08,59,324.14
95,17,29,2024-01-24,2024-03-05,29,259.54
96,23,110,2024-01-24,2024-02-02,77,7.55
97,24,40,2024-01-24,2024-02-23,38,26.33
98,7,77,2024-01-25,2024-03-12,8,494.73
99,14,40,2024-01-25,2024-02-19,156,26.76
100,14,62,2024-01-25,2024-02-26,15,575.2
101,24,42,2024-01-26,2024-02-23,160,48.71
102,6,32,2024-01-27,2024-03-03,50,274.94
103,9,40,2024-01-27,2024-02-21,118,28.03
104,23,109,2024-01-27,2024-02-06,147,65.6
105,23,68,2024-01-27,2024-03-07,14,1298.12
106,3,93,2024-01-28,2024-02-16,3342,21.9
107,9,36,2024-01-28,2024-02-28,107,56.2
108,23,70,2024-01-28,2024-03-09,6,149.83
109,23,115,2024-01-28,2024-02-09,133,13.89
110,8,113,2024-01-29,2024-02-07,393,7.65
111,9,38,2024-01-29,2024-02-29,80,193.69
112,14,43,2024-01-29,2024-02-22,92,513.33
113,24,32,2024-01-29,2024-02-20,43,269.09
114,4,102,2024-01-30,2024-02-15,1925,5.0
115,12,82,2024-01-30,2024-03-17,5,298.23
116,19,8,2024-01-30,2024-02-20,146,147.0
117,20,28,2024-01-30,2024-03-09,56,67.64
118,5,60,2024-01-31,2024-03-06,21,860.17
119,8,117,2024-01-31,2024-02-08,400,100.44
120,9,38,2024-01-31,2024-02-28,176,194.95
121,9,32,2024-01-31,2024-02-29,259,265.78
122,9,39,2024-01-31,2024-03-04,62,70.02
123,11,29,2024-01-31,2024-03-19,125,254.9
124,23,107,2024-02-01,2024-02-11,118,10.62
125,23,112,2024-02-01,2024-02-06,610,35.29
126,24,32,2024-02-01,2024-02-29,75,248.39
127,17,70,2024-02-02,2024-03-15,38,162.33
128,23,73,2024-02-02,2024-03-10,33,267.31
129,24,41,2024-02-02,2024-03-05,94,243.12
130,17,71,2024-02-03,2024-03-12,30,2453.07
131,23,69,2024-02-03,2024-03-13,7,166.27
132,2,79,2024-02-04,2024-03-18,1,215.33
133,9,41,2024-02-04,2024-03-04,62,256.82
134,17,23,2024-02-04,2024-03-22,69,150.78
135,2,77,2024-02-05,2024-03-22,28,520.65
136,21,120,2024-02-05,2024-02-17,78,8.04
137,3,5,2024-02-06,2024-02-27,10,22.99
138,6,34,2024-02-06,2024-03-04,79,449.95
139,7,88,2024-02-06,2024-03-22,27,2834.24
140,7,83,2024-02-06,2024-03-28,12,314.67
141,9,45,2024-02-06,2024-03-05,87,31.73
142,20,19,2024-02-06,2024-03-17,92,836.22
143,24,34,2024-02-06,2024-03-05,73,437.59
144,24,41,2024-02-06,2024-03-06,99,270.54
145,8,117,2024-02-07,2024-02-14,754,96.81
146,12,14,2024-02-07,2024-02-28,141,320.7
147,14,43,2024-02-07,2024-03-06,66,506.57
148,19,93,2024-02-08,2024-02-21,487,21.89
149,19,99,2024-02-08,2024-02-24,1191,9.6
150,12,5,2024-02-09,2024-02-27,195,24.51
151,17,71,2024-02-09,2024-03-20,11,2322.94
152,5,66,2024-02-10,2024-03-22,74,1556.87
153,9,43,2024-02-10,2024-03-09,22,469.68
154,16,58,2024-02-10,2024-03-14,8,173.87
155,23,120,2024-02-10,2024-02-20,169,7.81
156,23,66,2024-02-10,2024-03-22,89,1629.5
157,8,112,2024-02-11,2024-02-21,306,35.14
158,13,94,2024-02-11,2024-02-22,2770,19.17
159,9,38,2024-02-12,2024-03-13,112,196.94
160,14,32,2024-02-12,2024-03-15,163,254.0
161,19,12,2024-02-12,2024-03-03,623,199.58
162,4,98,2024-02-13,2024-02-25,548,26.36
163,12,13,2024-02-13,2024-03-05,336,21.02
164,14,61,2024-02-13,2024-03-22,10,155.71
165,23,73,2024-02-13,2024-03-25,37,273.44
166,23,65,2024-02-13,2024-03-29,90,196.14
167,4,81,2024-02-14,2024-04-07,28,1531.9
168,12,2,2024-02-14,2024-03-02,201,15.98
169,17,23,2024-02-14,2024-03-28,61,163.58
170,19,4,2024-02-14,2024-03-06,115,279.31
171,11,28,2024-02-15,2024-03-31,48,70.79
172,7,83,2024-02-16,2024-04-05,5,319.6
173,8,112,2024-02-16,2024-02-25,619,34.39
174,11,29,2024-02-16,2024-04-02,71,250.12
175,14,37,2024-02-16,2024-03-15,41,286.07
176,18,115,2024-02-16,2024-02-24,341,13.88
177,24,45,2024-02-16,2024-03-21,145,30.05
178,24,34,2024-02-16,2024-03-12,239,400.87
179,18,111,2024-02-17,2024-02-23,139,6.35
180,19,9,2024-02-17,2024-03-07,53,38.59
181,4,105,2024-02-18,2024-03-03,859,5.36
182,7,89,2024-02-18,2024-04-06,15,914.33
183,12,78,2024-02-18,2024-04-06,29,3899.81
184,20,21,2024-02-18,2024-04-02,191,176.78
185,9,34,2024-02-19,2024-03-21,20,446.5
186,8,118,2024-02-20,2024-02-25,506,8.28
187,9,35,2024-02-20,2024-03-19,198,116.63
188,19,7,2024-02-20,2024-03-12,173,22.17
189,2,79,2024-02-21,2024-04-12,36,205.95
190,8,110,2024-02-21,2024-02-29,197,7.18
191,8,118,2024-02-21,2024-02-29,130,8.53
192,8,120,2024-02-21,2024-02-26,270,8.55
193,9,40,2024-02-21,2024-03-13,103,27.12
194,9,40,2024-02-21,2024-03-20,214,27.24
195,23,65,2024-02-21,2024-04-04,44,194.71
196,13,93,2024-02-22,2024-03-07,2038,21.34
197,16,51,2024-02-22,2024-03-27,31,168.55
198,23,109,2024-02-22,2024-03-03,727,65.72
199,24,45,2024-02-22,2024-03-21,64,31.85
200,11,45,2024-02-23,2024-03-22,131,31.0
201,19,4,2024-02-23,2024-03-14,65,302.79
202,22,6,2024-02-23,2024-03-13,388,94.27
203,23,114,2024-02-23,2024-03-04,98,71.59
204,19,5,2024-02-24,2024-03-19,139,23.02
205,8,112,2024-02-25,2024-03-06,52,31.66
206,19,2,2024-02-25,2024-03-17,111,17.03
207,8,108,2024-02-26,2024-03-13,199,56.38
208,19,3,2024-02-26,2024-03-16,318,216.4
209,2,78,2024-02-27,2024-04-15,32,3731.77
210,7,87,2024-02-27,2024-04-16,11,4265.85
211,9,34,2024-02-27,2024-03-28,85,406.97
212,19,104,2024-02-27,2024-03-12,1348,25.66
213,2,90,2024-02-28,2024-04-19,25,2469.35
214,4,88,2024-02-28,2024-04-17,25,2817.27
215,13,97,2024-02-28,2024-03-13,680,9.7
216,19,96,2024-02-28,2024-03-12,2822,7.63
217,8,113,2024-02-29,2024-03-09,316,7.99
218,17,22,2024-02-29,2024-04-18,213,1337.85
219,20,24,2024-02-29,2024-04-13,277,324.42
220,8,118,2024-03-01,2024-03-12,263,8.68
221,9,44,2024-03-01,2024-03-29,111,45.05
222,9,41,2024-03-01,2024-04-01,210,241.97
223,12,15,2024-03-01,2024-03-27,90,30.92
224,18,120,2024-03-01,2024-03-12,901,7.76
225,20,21,2024-03-01,2024-04-16,19,159.16
226,23,75,2024-03-01,2024-04-09,35,920.31
227,9,41,2024-03-02,2024-03-30,41,268.74
228,12,89,2024-03-02,2024-04-16,52,900.94
229,13,103,2024-03-02,2024-03-16,818,11.45
230,8,110,2024-03-03,2024-03-10,164,6.7
231,19,93,2024-03-04,2024-03-18,2452,21.92
232,23,69,2024-03-04,2024-04-18,36,158.65
233,24,31,2024-03-04,2024-04-03,50,424.99
234,4,79,2024-03-05,2024-04-21,41,228.63
235,4,90,2024-03-05,2024-04-26,6,2552.53
236,8,116,2024-03-05,2024-03-16,114,7.53
237,8,107,2024-03-05,2024-03-17,139,10.64
238,8,117,2024-03-05,2024-03-15,1021,89.22
239,23,108,2024-03-05,2024-03-17,209,51.12
240,9,35,2024-03-06,2024-04-10,59,116.29
241,19,101,2024-03-06,2024-03-23,19530,4.1
242,20,16,2024-03-06,2024-04-15,39,64.92
243,24,39,2024-03-06,2024-04-03,37,69.6
244,5,71,2024-03-07,2024-04-11,8,2302.2
245,21,119,2024-03-07,2024-03-18,353,12.94
246,24,32,2024-03-07,2024-03-31,45,256.48
247,2,85,2024-03-08,2024-04-25,15,4650.5
248,16,53,2024-03-08,2024-04-10,14,1250.19
249,5,50,2024-03-09,2024-04-13,20,1688.99
250,7,86,2024-03-09,2024-05-01,10,1422.33
251,13,105,2024-03-09,2024-03-24,586,5.22
252,18,119,2024-03-09,2024-03-18,774,12.21
253,21,106,2024-03-09,2024-03-23,144,10.8
254,24,33,2024-03-09,2024-04-11,23,441.94
255,2,87,2024-03-10,2024-04-28,13,4296.19
256,9,44,2024-03-10,2024-04-09,79,46.0
257,12,10,2024-03-10,2024-03-27,108,129.47
258,8,110,2024-03-11,2024-03-27,209,6.9
259,11,20,2024-03-11,2024-04-26,75,833.9
260,17,72,2024-03-11,2024-04-21,14,391.07
261,4,76,2024-03-12,2024-05-01,12,4293.18
262,4,100,2024-03-12,2024-03-23,1520,4.93
263,15,29,2024-03-12,2024-04-27,30,261.29
264,18,116,2024-03-12,2024-03-18,159,8.24
265,8,115,2024-03-13,2024-03-25,254,13.38
266,18,118,2024-03-13,2024-03-28,312,9.07
267,7,86,2024-03-15,2024-05-05,20,1415.11
268,8,120,2024-03-15,2024-03-22,148,8.62
269,8,114,2024-03-15,2024-03-25,242,74.21
270,12,87,2024-03-15,2024-05-03,46,3936.18
271,16,46,2024-03-15,2024-04-19,6,1356.42
272,12,3,2024-03-16,2024-04-06,120,231.63
273,12,2,2024-03-16,2024-04-02,248,15.86
274,14,33,2024-03-16,2024-04-13,35,433.19
275,17,67,2024-03-16,2024-04-24,21,1186.1
276,21,113,2024-03-16,2024-03-23,568,8.59
277,23,73,2024-03-16,2024-04-26,13,289.33
278,4,105,2024-03-17,2024-04-02,836,5.47
279,5,48,2024-03-17,2024-04-16,61,144.27
280,12,11,2024-03-17,2024-04-12,238,175.46
281,22,7,2024-03-17,2024-04-06,66,22.94
282,24,33,2024-03-17,2024-04-13,31,425.13
283,8,117,2024-03-18,2024-03-28,461,91.79
284,14,73,2024-03-18,2024-04-28,18,270.42
285,14,31,2024-03-19,2024-04-15,76,408.24
286,17,16,2024-03-19,2024-05-04,68,68.31
287,18,108,2024-03-19,2024-03-28,109,51.83
288,21,118,2024-03-19,2024-04-03,94,8.48
289,21,115,2024-03-20,2024-04-02,141,12.75
290,4,98,2024-03-21,2024-04-07,3574,24.21
291,11,22,2024-03-21,2024-04-29,21,1320.25
292,14,74,2024-03-21,2024-04-27,30,548.98
293,19,4,2024-03-21,2024-04-10,79,285.55
294,1,84,2024-03-22,2024-05-14,51,828.65
295,9,36,2024-03-22,2024-04-19,264,56.97
296,11,33,2024-03-23,2024-04-21,115,436.78
297,16,59,2024-03-23,2024-04-23,31,122.52
298,14,31,2024-03-24,2024-04-25,24,407.66
299,23,64,2024-03-24,2024-05-02,28,721.4
300,24,37,2024-03-24,2024-04-14,35,284.8
301,7,77,2024-03-25,2024-05-14,10,500.26
302,8,117,2024-03-25,2024-04-04,268,99.0
303,14,74,2024-03-25,2024-05-05,10,513.0
304,16,49,2024-03-25,2024-04-27,29,612.65
305,19,100,2024-03-25,2024-04-07,901,4.9
306,12,12,2024-03-26,2024-04-10,234,198.73
307,12,15,2024-03-26,2024-04-13,127,30.69
308,18,106,2024-03-26,2024-04-05,179,11.77
309,24,41,2024-03-26,2024-04-24,45,266.88
310,4,100,2024-03-27,2024-04-05,1049,4.36
311,18,114,2024-03-27,2024-04-03,264,67.54
312,23,62,2024-03-27,2024-05-05,8,569.32
313,23,106,2024-03-27,2024-04-07,91,11.12
314,10,104,2024-03-28,2024-04-13,3891,23.5
315,18,119,2024-03-28,2024-04-12,493,12.49
316,24,34,2024-03-28,2024-04-25,37,428.22
317,3,10,2024-03-29,2024-04-16,377,129.33
318,4,94,2024-03-29,2024-04-08,2284,18.17
319,8,108,2024-03-29,2024-04-05,45,50.89
320,10,105,2024-03-29,2024-04-10,4565,5.71
321,12,82,2024-03-29,2024-05-23,4,284.5
322,20,27,2024-03-29,2024-05-13,16,101.75
323,8,115,2024-03-30,2024-04-09,122,13.75
324,23,109,2024-03-30,2024-04-09,273,70.71
325,8,120,2024-03-31,2024-04-08,492,7.86
326,12,1,2024-03-31,2024-04-22,175,64.35
327,23,114,2024-03-31,2024-04-13,572,73.0
328,4,88,2024-04-01,2024-05-21,16,2808.89
329,5,62,2024-04-01,2024-05-14,4,581.99
330,7,83,2024-04-01,2024-05-20,12,315.08
331,9,37,2024-04-01,2024-04-29,73,273.27
332,4,79,2024-04-02,2024-05-25,10,225.09
333,19,1,2024-04-02,2024-04-21,222,66.56
334,24,45,2024-04-03,2024-04-29,35,32.74
335,7,87,2024-04-04,2024-05-22,15,3976.65
336,8,108,2024-04-04,2024-04-14,248,56.21
337,9,33,2024-04-04,2024-05-02,28,416.03
338,11,19,2024-04-04,2024-05-20,43,896.95
339,11,24,2024-04-04,2024-05-15,61,302.26
340,12,77,2024-04-04,2024-05-25,32,498.55
341,16,53,2024-04-04,2024-05-08,6,1140.86
342,21,107,2024-04-04,2024-04-13,453,10.99
343,8,109,2024-04-05,2024-04-15,36,68.31
344,12,81,2024-04-06,2024-05-24,18,1620.2
345,4,98,2024-04-07,2024-04-22,2010,24.17
346,8,111,2024-04-07,2024-04-16,92,6.64
347,8,118,2024-04-08,2024-04-18,197,8.9
348,23,69,2024-04-08,2024-05-17,74,155.11
349,8,113,2024-04-09,2024-04-21,399,8.04
350,12,84,2024-04-09,2024-05-29,67,757.39
351,16,58,2024-04-10,2024-05-15,55,185.06
352,1,83,2024-04-11,2024-06-01,35,304.74
353,3,6,2024-04-11,2024-05-02,152,96.97
354,7,78,2024-04-11,2024-05-31,14,3911.43
355,8,118,2024-04-11,2024-04-19,161,8.19
356,8,114,2024-04-11,2024-04-16,72,69.91
357,13,20,2024-04-11,2024-05-25,42,822.65
358,14,61,2024-04-11,2024-05-20,41,151.61
359,18,119,2024-04-11,2024-04-20,979,12.35
360,23,118,2024-04-11,2024-04-16,157,8.71
361,18,106,2024-04-12,2024-04-20,80,10.79
362,19,7,2024-04-12,2024-05-03,318,21.27
363,8,113,2024-04-13,2024-04-23,434,7.99
364,8,113,2024-04-13,2024-04-28,147,8.01
365,19,104,2024-04-13,2024-04-28,1273,23.85
366,20,19,2024-04-13,2024-05-30,83,885.98
367,22,14,2024-04-13,2024-04-30,487,324.35
368,8,106,2024-04-14,2024-04-25,97,11.6
369,12,83,2024-04-14,2024-06-03,19,324.27
370,18,119,2024-04-14,2024-04-24,2584,11.87
371,19,2,2024-04-14,2024-05-07,373,15.52
372,19,91,2024-04-14,2024-04-22,2813,1.13
373,21,106,2024-04-14,2024-04-24,285,10.46
374,23,119,2024-04-14,2024-04-21,78,11.86
375,21,115,2024-04-15,2024-04-23,87,13.11
376,3,102,2024-04-16,2024-05-04,1288,4.79
377,5,62,2024-04-16,2024-05-26,17,571.68
378,8,112,2024-04-16,2024-04-29,216,34.1
379,19,98,2024-04-16,2024-04-30,1975,25.21
380,24,43,2024-04-16,2024-05-15,87,490.38
381,8,112,2024-04-17,2024-04-26,75,33.1
382,4,81,2024-04-18,2024-06-11,3,1482.21
383,9,33,2024-04-18,2024-05-13,142,430.3
384,20,16,2024-04-18,2024-06-02,86,65.66
385,23,73,2024-04-18,2024-05-28,21,280.05
386,23,62,2024-04-18,2024-06-01,36,551.03
387,2,78,2024-04-19,2024-06-08,42,3849.12
388,5,66,2024-04-19,2024-05-29,19,1560.15
389,8,116,2024-04-19,2024-04-30,70,7.62
390,18,117,2024-04-19,2024-05-03,125,95.85
391,1,82,2024-04-20,2024-06-06,4,282.94
392,12,14,2024-04-20,2024-05-11,100,318.61
393,24,44,2024-04-20,2024-05-14,100,46.19
394,8,118,2024-04-21,2024-05-07,443,9.08
395,10,94,2024-04-21,2024-05-05,467,18.36
396,12,82,2024-04-21,2024-06-11,1,294.41
397,16,52,2024-04-21,2024-05-22,42,233.98
398,24,33,2024-04-21,2024-05-18,75,403.88
399,9,34,2024-04-22,2024-05-27,25,440.24
400,11,33,2024-04-22,2024-05-20,71,413.25
401,13,105,2024-04-22,2024-05-08,2544,5.31
402,16,53,2024-04-22,2024-05-23,30,1173.62
403,21,107,2024-04-22,2024-04-28,461,10.77
404,4,104,2024-04-23,2024-05-02,830,24.31
405,16,52,2024-04-23,2024-05-29,8,243.26
406,1,81,2024-04-24,2024-06-09,7,1527.27
407,4,100,2024-04-24,2024-05-10,1213,4.53
408,19,92,2024-04-24,2024-05-09,2950,1.53
409,23,109,2024-04-24,2024-05-04,98,64.91
410,9,40,2024-04-25,2024-05-27,31,26.72
411,12,76,2024-04-25,2024-06-15,35,4149.04
412,19,5,2024-04-25,2024-05-18,663,24.35
413,6,41,2024-04-26,2024-05-26,66,253.06
414,8,110,2024-04-26,2024-05-05,115,6.83
415,8,113,2024-04-26,2024-05-06,1194,8.03
416,21,119,2024-04-26,2024-05-08,923,11.99
417,11,32,2024-04-28,2024-05-26,90,252.51
418,19,6,2024-04-28,2024-05-19,339,98.42
419,24,37,2024-04-28,2024-05-23,399,269.19
420,14,42,2024-04-29,2024-05-27,11,52.24
421,23,118,2024-04-29,2024-05-05,651,8.76
422,4,85,2024-04-30,2024-06-18,4,4483.8
423,12,85,2024-04-30,2024-06-17,12,4355.41
424,23,115,2024-05-01,2024-05-13,81,13.23
425,24,35,2024-05-01,2024-05-26,77,120.72
426,15,26,2024-05-02,2024-06-15,166,1190.77
427,17,68,2024-05-02,2024-06-09,60,1283.85
428,24,36,2024-05-02,2024-05-31,53,57.52
429,9,32,2024-05-03,2024-06-01,96,275.48
430,14,72,2024-05-03,2024-06-12,10,402.93
431,2,85,2024-05-04,2024-06-19,6,4724.71
432,5,53,2024-05-04,2024-06-08,56,1155.06
433,6,40,2024-05-04,2024-05-29,180,26.69
434,7,77,2024-05-04,2024-06-23,44,518.92
435,7,76,2024-05-04,2024-06-25,12,4333.51
436,16,57,2024-05-04,2024-06-07,13,87.15
437,21,110,2024-05-04,2024-05-18,227,7.34
438,24,41,2024-05-04,2024-05-31,257,248.98
439,4,76,2024-05-05,2024-06-24,18,4528.47
440,7,90,2024-05-05,2024-06-25,23,2634.02
441,9,33,2024-05-05,2024-06-01,59,435.81
442,12,8,2024-05-05,2024-05-29,121,144.54
443,23,72,2024-05-05,2024-06-15,18,387.66
444,8,120,2024-05-07,2024-05-19,91,8.14
445,11,19,2024-05-07,2024-06-18,107,897.46
446,17,16,2024-05-07,2024-06-20,76,69.34
447,17,73,2024-05-07,2024-06-16,22,269.73
448,18,107,2024-05-07,2024-05-21,206,10.48
449,14,69,2024-05-08,2024-06-19,13,162.54
450,23,112,2024-05-08,2024-05-22,95,32.12
451,24,42,2024-05-08,2024-06-11,77,47.56
452,8,107,2024-05-09,2024-05-19,233,11.44
453,8,107,2024-05-10,2024-05-18,274,10.66
454,23,65,2024-05-10,2024-06-20,16,205.53
455,8,109,2024-05-11,2024-05-18,60,71.06
456,8,106,2024-05-11,2024-05-25,301,11.24
457,9,32,2024-05-11,2024-06-04,43,252.95
458,11,40,2024-05-11,2024-06-10,205,29.17
459,12,76,2024-05-11,2024-06-30,10,4278.35
460,24,45,2024-05-11,2024-06-12,102,30.09
461,5,59,2024-05-12,2024-06-09,21,130.69
462,8,112,2024-05-12,2024-05-24,117,33.72
463,14,69,2024-05-12,2024-06-23,9,153.18
464,16,51,2024-05-12,2024-06-14,21,151.72
465,18,119,2024-05-12,2024-05-23,766,12.8
466,23,116,2024-05-12,2024-05-22,374,8.4
467,7,89,2024-05-13,2024-07-05,6,867.75
468,12,81,2024-05-13,2024-07-07,6,1502.64
469,12,81,2024-05-13,2024-07-02,15,1646.64
470,16,60,2024-05-13,2024-06-17,20,815.19
471,16,59,2024-05-13,2024-06-18,22,124.54
472,19,94,2024-05-13,2024-05-30,545,19.08
473,12,12,2024-05-14,2024-06-05,214,178.44
474,12,83,2024-05-14,2024-07-01,37,310.95
475,14,35,2024-05-14,2024-06-11,71,115.21
476,16,51,2024-05-14,2024-06-18,10,158.49
477,23,70,2024-05-14,2024-06-30,36,147.33
478,23,112,2024-05-14,2024-05-24,239,35.12
479,11,36,2024-05-15,2024-06-12,76,62.26
480,8,110,2024-05-16,2024-05-22,296,7.55
481,8,112,2024-05-16,2024-05-27,512,32.89
482,8,120,2024-05-16,2024-05-23,110,8.03
483,16,48,2024-05-16,2024-06-25,25,157.49
484,19,3,2024-05-16,2024-06-07,135,222.89
485,19,100,2024-05-16,2024-05-31,1346,4.74
486,4,105,2024-05-17,2024-06-01,1576,5.69
487,4,79,2024-05-17,2024-07-06,27,212.8
488,8,119,2024-05-17,2024-05-30,398,11.79
489,8,114,2024-05-17,2024-05-27,176,72.23
490,5,64,2024-05-18,2024-06-24,62,714.51
491,14,65,2024-05-18,2024-06-28,7,203.39
492,24,45,2024-05-18,2024-06-10,222,31.89
493,8,109,2024-05-19,2024-05-31,66,66.52
494,9,38,2024-05-19,2024-06-19,167,187.98
495,14,37,2024-05-19,2024-06-15,102,284.85
496,16,49,2024-05-19,2024-06-21,25,651.61
497,24,39,2024-05-19,2024-06-13,45,70.79
498,9,44,2024-05-20,2024-06-18,210,48.35
499,9,43,2024-05-20,2024-06-18,61,467.06
500,17,66,2024-05-20,2024-07-02,25,1480.73
501,10,51,2024-05-21,2024-06-25,16,156.15
502,11,20,2024-05-21,2024-07-05,73,842.67
503,4,88,2024-05-22,2024-07-14,15,2810.78
504,4,88,2024-05-22,2024-07-14,5,2627.08
505,7,82,2024-05-22,2024-07-11,9,286.56
506,23,110,2024-05-22,2024-06-03,117,6.76
507,23,72,2024-05-23,2024-07-04,12,417.14
508,12,9,2024-05-24,2024-06-14,64,37.95
509,2,78,2024-05-25,2024-07-11,15,3763.07
510,13,100,2024-05-25,2024-06-05,2920,4.6
511,14,71,2024-05-25,2024-07-13,16,2313.18
512,18,108,2024-05-25,2024-06-04,364,56.86
513,1,88,2024-05-26,2024-07-16,14,2868.04
514,9,45,2024-05-26,2024-06-24,67,30.8
515,14,72,2024-05-26,2024-07-04,9,380.56
516,18,116,2024-05-26,2024-06-02,583,8.28
517,19,10,2024-05-26,2024-06-19,50,136.1
518,21,111,2024-05-26,2024-06-07,40,6.55
519,7,79,2024-05-27,2024-07-16,25,223.46
520,19,93,2024-05-27,2024-06-09,1149,21.19
521,19,104,2024-05-27,2024-06-08,776,25.71
522,8,109,2024-05-28,2024-06-07,351,71.14
523,18,110,2024-05-28,2024-06-04,258,7.32
524,19,102,2024-05-28,2024-06-11,3380,5.03
525,24,41,2024-05-28,2024-06-25,68,267.15
526,9,33,2024-05-29,2024-06-26,124,422.59
527,9,42,2024-05-29,2024-06-28,52,47.75
528,13,26,2024-05-29,2024-07-15,38,1274.91
529,14,34,2024-05-29,2024-06-28,368,400.45
530,8,118,2024-05-30,2024-06-06,165,8.75
531,8,111,2024-05-30,2024-06-09,81,6.05
532,23,67,2024-05-30,2024-07-09,31,1205.43
533,6,35,2024-05-31,2024-06-26,117,115.31
534,9,45,2024-05-31,2024-06-28,124,29.76
535,11,17,2024-05-31,2024-07-13,83,363.13
536,12,10,2024-05-31,2024-06-19,269,137.2
537,14,63,2024-05-31,2024-07-13,14,1094.38
538,14,36,2024-05-31,2024-06-27,50,58.19
539,14,71,2024-05-31,2024-07-06,34,2380.15
540,19,2,2024-05-31,2024-06-21,63,15.39
541,24,40,2024-05-31,2024-06-29,128,29.06
542,4,95,2024-06-01,2024-06-16,680,2.26
543,11,42,2024-06-01,2024-06-30,56,48.44
544,19,103,2024-06-01,2024-06-17,2955,11.55
545,3,92,2024-06-02,2024-06-17,1056,1.58
546,8,109,2024-06-02,2024-06-07,486,63.76
547,4,104,2024-06-03,2024-06-15,833,24.09
548,12,84,2024-06-03,2024-07-26,18,775.16
549,21,112,2024-06-03,2024-06-09,98,32.58
550,21,107,2024-06-03,2024-06-09,337,10.69
551,16,54,2024-06-04,2024-07-11,23,2432.58
552,23,70,2024-06-04,2024-07-13,51,164.08
553,23,71,2024-06-04,2024-07-13,89,2417.49
554,7,78,2024-06-05,2024-07-23,7,3786.31
555,18,116,2024-06-05,2024-06-10,155,8.08
556,20,21,2024-06-05,2024-07-12,58,172.75
557,6,37,2024-06-06,2024-07-12,47,288.1
558,12,82,2024-06-06,2024-07-23,3,276.73
559,4,94,2024-06-07,2024-06-21,6717,20.25
560,6,41,2024-06-07,2024-07-02,23,248.68
561,9,36,2024-06-07,2024-07-03,165,57.68
562,23,69,2024-06-07,2024-07-21,42,168.25
563,1,76,2024-06-08,2024-07-29,25,4311.2
564,2,83,2024-06-08,2024-07-28,3,339.35
565,7,81,2024-06-08,2024-08-02,9,1580.73
566,8,115,2024-06-08,2024-06-16,79,13.59
567,21,114,2024-06-08,2024-06-20,108,68.68
568,21,110,2024-06-08,2024-06-14,172,7.54
569,23,74,2024-06-08,2024-07-18,18,542.04
570,23,106,2024-06-08,2024-06-18,126,11.13
571,3,92,2024-06-09,2024-06-23,2759,1.47
572,10,97,2024-06-09,2024-06-23,4897,9.99
573,18,117,2024-06-09,2024-06-16,57,98.26
574,19,13,2024-06-09,2024-06-29,201,20.96
575,19,9,2024-06-10,2024-07-02,91,40.2
576,21,116,2024-06-10,2024-06-16,288,7.61
577,21,112,2024-06-10,2024-06-23,463,33.49
578,4,88,2024-06-11,2024-08-02,10,2638.02
579,24,31,2024-06-11,2024-07-14,110,401.3
580,4,89,2024-06-12,2024-08-03,36,952.59
581,11,31,2024-06-12,2024-07-15,142,406.65
582,23,61,2024-06-12,2024-07-25,73,149.08
583,4,80,2024-06-14,2024-08-05,16,1168.03
584,4,78,2024-06-14,2024-07-31,23,4098.16
585,5,55,2024-06-15,2024-07-21,18,446.3
586,7,79,2024-06-15,2024-08-04,13,215.82
587,9,37,2024-06-15,2024-07-09,57,267.39
588,18,106,2024-06-15,2024-06-26,69,11.5
589,19,5,2024-06-15,2024-07-06,92,23.76
590,20,28,2024-06-15,2024-07-30,65,73.79
591,21,111,2024-06-15,2024-06-25,37,6.53
592,10,99,2024-06-16,2024-06-25,4833,9.57
593,12,5,2024-06-16,2024-07-08,61,25.5
594,12,4,2024-06-16,2024-07-08,55,270.79
595,14,32,2024-06-16,2024-07-20,19,256.07
596,3,104,2024-06-17,2024-06-28,5665,25.6
597,7,88,2024-06-18,2024-08-05,8,2537.31
598,9,44,2024-06-18,2024-07-14,79,44.79
599,4,84,2024-06-19,2024-08-09,6,743.21
600,6,38,2024-06-19,2024-07-17,30,180.95
601,8,114,2024-06-19,2024-06-29,75,70.51
602,9,40,2024-06-20,2024-07-21,40,28.97
603,7,86,2024-06-21,2024-08-14,22,1435.13
604,8,106,2024-06-21,2024-06-30,462,11.67
605,12,88,2024-06-21,2024-08-15,11,2798.36
606,19,13,2024-06-21,2024-07-09,250,20.37
607,4,80,2024-06-22,2024-08-08,33,1237.55
608,12,86,2024-06-22,2024-08-14,8,1397.78
609,16,57,2024-06-22,2024-07-29,52,87.61
610,17,25,2024-06-22,2024-08-06,207,137.94
611,23,113,2024-06-22,2024-07-05,58,8.01
612,24,36,2024-06-22,2024-07-21,78,58.68
613,7,78,2024-06-23,2024-08-15,17,4234.26
614,24,40,2024-06-23,2024-07-19,64,28.25
615,8,112,2024-06-24,2024-07-02,36,34.31
616,13,91,2024-06-25,2024-07-08,612,1.08
617,10,54,2024-06-26,2024-07-29,22,2432.95
618,5,70,2024-06-27,2024-08-06,20,164.03
619,7,87,2024-06-27,2024-08-13,1,4195.14
620,14,42,2024-06-27,2024-07-24,173,46.99
621,23,68,2024-06-27,2024-08-06,15,1192.89
622,13,98,2024-06-28,2024-07-08,525,24.45
623,23,68,2024-06-28,2024-08-12,6,1230.55
624,24,35,2024-06-28,2024-07-22,18,118.69
625,8,106,2024-06-29,2024-07-12,275,10.77
626,16,52,2024-06-29,2024-08-01,31,231.91
627,9,38,2024-06-30,2024-07-27,53,197.71
628,9,43,2024-06-30,2024-07-29,75,492.99
629,4,78,2024-07-01,2024-08-18,11,4060.06
630,8,113,2024-07-01,2024-07-11,310,7.88
631,19,92,2024-07-01,2024-07-16,4586,1.55
632,24,41,2024-07-01,2024-07-27,248,268.43
633,12,2,2024-07-02,2024-07-25,830,17.29
634,14,38,2024-07-02,2024-07-28,220,200.66
635,14,72,2024-07-02,2024-08-08,3,378.74
636,15,26,2024-07-02,2024-08-15,232,1275.7
637,21,112,2024-07-02,2024-07-14,96,34.78
638,11,29,2024-07-03,2024-08-17,123,262.09
639,13,17,2024-07-03,2024-08-16,107,385.44
640,23,64,2024-07-03,2024-08-12,10,753.03
641,6,33,2024-07-04,2024-08-02,233,396.96
642,19,8,2024-07-04,2024-07-22,168,140.17
643,11,26,2024-07-05,2024-08-23,48,1179.8
644,12,78,2024-07-06,2024-08-25,5,3802.87
645,23,73,2024-07-06,2024-08-15,30,284.44
646,23,116,2024-07-06,2024-07-21,694,7.59
647,23,120,2024-07-07,2024-07-18,104,7.84
648,4,93,2024-07-08,2024-07-22,1427,21.42
649,7,80,2024-07-08,2024-08-22,59,1233.27
650,8,115,2024-07-08,2024-07-17,682,13.34
651,24,44,2024-07-08,2024-08-03,100,43.73
652,4,92,2024-07-09,2024-07-27,7904,1.54
653,8,118,2024-07-09,2024-07-24,303,8.28
654,12,80,2024-07-09,2024-08-27,8,1210.76
655,12,87,2024-07-09,2024-08-25,41,4010.85
656,3,4,2024-07-10,2024-07-30,300,288.46
657,12,6,2024-07-10,2024-07-30,98,95.6
658,20,27,2024-07-10,2024-08-21,12,101.07
659,23,67,2024-07-10,2024-08-16,14,1125.43
660,5,62,2024-07-11,2024-08-25,93,576.06
661,6,42,2024-07-11,2024-08-08,103,46.51
662,7,89,2024-07-12,2024-09-01,35,920.92
663,21,117,2024-07-12,2024-07-22,85,92.74
664,4,87,2024-07-13,2024-08-29,8,4225.46
665,7,78,2024-07-13,2024-08-31,4,4168.65
666,14,32,2024-07-13,2024-08-10,181,244.04
667,17,73,2024-07-13,2024-08-28,14,282.63
668,8,106,2024-07-14,2024-07-24,185,11.3
669,12,11,2024-07-14,2024-08-04,322,156.22
670,19,4,2024-07-14,2024-08-06,36,286.52
671,20,29,2024-07-14,2024-08-27,143,261.93
672,5,47,2024-07-15,2024-08-19,89,144.68
673,7,80,2024-07-15,2024-09-03,7,1280.87
674,12,86,2024-07-15,2024-09-01,49,1376.77
675,19,92,2024-07-15,2024-07-30,2295,1.53
676,24,38,2024-07-15,2024-08-11,228,202.38
677,4,90,2024-07-16,2024-09-05,66,2402.03
678,6,41,2024-07-16,2024-08-16,53,272.13
679,9,32,2024-07-16,2024-08-11,146,275.07
680,18,113,2024-07-16,2024-07-26,240,7.57
681,23,117,2024-07-16,2024-07-27,105,95.83
682,8,114,2024-07-17,2024-07-25,61,72.95
683,9,39,2024-07-17,2024-08-14,110,70.59
684,9,37,2024-07-18,2024-08-20,37,287.87
685,12,86,2024-07-18,2024-09-06,5,1298.27
686,12,79,2024-07-18,2024-09-07,6,217.19
687,14,39,2024-07-18,2024-08-15,111,73.77
688,7,81,2024-07-19,2024-09-07,11,1626.3
689,9,36,2024-07-19,2024-08-13,114,55.73
690,15,20,2024-07-19,2024-09-02,37,805.48
691,23,67,2024-07-19,2024-08-29,18,1219.63
692,6,31,2024-07-20,2024-08-17,39,425.18
693,8,112,2024-07-20,2024-07-30,156,32.25
694,14,33,2024-07-20,2024-08-23,86,439.15
695,4,96,2024-07-21,2024-08-04,1148,7.28
696,23,110,2024-07-21,2024-08-01,98,6.92
697,23,73,2024-07-21,2024-08-30,25,276.34
698,3,92,2024-07-22,2024-08-02,1766,1.55
699,17,23,2024-07-22,2024-09-10,15,165.01
700,6,43,2024-07-23,2024-08-25,129,492.22
701,20,17,2024-07-23,2024-09-05,36,356.82
702,24,45,2024-07-23,2024-08-17,86,29.12
703,18,111,2024-07-24,2024-08-02,291,6.58
704,9,38,2024-07-25,2024-08-22,33,182.51
705,4,103,2024-07-26,2024-08-15,918,10.88
706,8,115,2024-07-26,2024-08-05,347,12.89
707,11,23,2024-07-26,2024-09-08,39,163.52
708,11,30,2024-07-26,2024-09-07,38,1504.24
709,15,23,2024-07-26,2024-09-09,51,160.92
710,8,113,2024-07-27,2024-08-09,565,8.26
711,8,115,2024-07-27,2024-08-05,143,13.07
712,11,22,2024-07-27,2024-09-11,24,1356.48
713,13,98,2024-07-27,2024-08-16,4932,24.67
714,21,113,2024-07-27,2024-08-02,281,7.58
715,8,117,2024-07-28,2024-08-04,183,88.71
716,13,19,2024-07-28,2024-09-12,55,829.12
717,20,22,2024-07-28,2024-09-09,51,1288.25
718,23,113,2024-07-28,2024-08-11,82,7.75
719,19,101,2024-07-29,2024-08-12,1517,4.13
720,23,109,2024-07-29,2024-08-03,45,71.29
721,23,74,2024-07-29,2024-09-06,15,553.04
722,20,21,2024-07-30,2024-09-16,78,161.57
723,10,49,2024-08-01,2024-09-03,31,673.05
724,12,14,2024-08-01,2024-08-22,217,302.0
725,19,8,2024-08-01,2024-08-22,138,144.7
726,21,119,2024-08-01,2024-08-15,166,12.26
727,12,5,2024-08-02,2024-08-25,105,25.36
728,13,29,2024-08-02,2024-09-19,6,245.71
729,14,44,2024-08-02,2024-08-30,223,45.65
730,19,91,2024-08-02,2024-08-16,955,1.04
731,5,65,2024-08-03,2024-09-16,55,202.53
732,9,36,2024-08-03,2024-08-31,15,56.56
733,16,57,2024-08-03,2024-09-07,9,84.77
734,20,17,2024-08-03,2024-09-19,49,352.9
735,21,116,2024-08-03,2024-08-11,96,8.13
736,7,79,2024-08-04,2024-09-23,7,227.7
737,9,43,2024-08-04,2024-09-06,42,490.31
738,18,119,2024-08-04,2024-08-12,131,13.09
739,4,87,2024-08-05,2024-09-23,25,4089.76
740,5,54,2024-08-05,2024-09-13,51,2202.75
741,5,63,2024-08-05,2024-09-09,56,1101.93
742,8,119,2024-08-05,2024-08-17,232,12.14
743,8,113,2024-08-05,2024-08-11,204,8.56
744,8,114,2024-08-05,2024-08-16,1432,68.03
745,11,45,2024-08-06,2024-09-04,36,30.18
746,8,107,2024-08-07,2024-08-15,288,10.43
747,24,35,2024-08-07,2024-09-02,54,112.86
748,19,101,2024-08-08,2024-08-21,2932,4.16
749,23,66,2024-08-08,2024-09-13,9,1575.65
750,23,71,2024-08-08,2024-09-19,30,2389.15
751,14,39,2024-08-09,2024-09-02,36,75.55
752,4,102,2024-08-10,2024-08-29,1036,4.96
753,12,80,2024-08-10,2024-09-30,23,1219.96
754,16,56,2024-08-10,2024-09-14,21,128.38
755,24,43,2024-08-10,2024-09-07,79,476.31
756,3,15,2024-08-11,2024-08-27,43,30.68
757,4,100,2024-08-11,2024-08-26,389,4.38
758,4,90,2024-08-11,2024-10-04,8,2653.46
759,5,56,2024-08-11,2024-09-17,6,141.69
760,8,106,2024-08-11,2024-08-25,53,11.41
761,13,104,2024-08-11,2024-08-30,324,23.37
762,6,43,2024-08-12,2024-09-06,197,491.9
763,10,102,2024-08-12,2024-08-29,1233,4.99
764,13,29,2024-08-12,2024-09-22,309,238.06
765,23,63,2024-08-12,2024-09-20,10,1013.05
766,14,43,2024-08-13,2024-09-10,78,469.65
767,24,41,2024-08-13,2024-09-06,34,271.53
768,4,87,2024-08-15,2024-10-08,76,3969.98
769,13,91,2024-08-15,2024-08-30,1275,1.08
770,23,73,2024-08-15,2024-09-26,7,275.57
771,5,57,2024-08-16,2024-09-22,17,87.27
772,13,92,2024-08-16,2024-08-30,1125,1.49
773,2,79,2024-08-17,2024-09-29,50,224.29
774,7,82,2024-08-17,2024-10-07,2,294.65
775,8,117,2024-08-17,2024-08-27,81,97.3
776,9,31,2024-08-17,2024-09-14,140,440.89
777,14,33,2024-08-17,2024-09-14,148,440.82
778,20,16,2024-08-17,2024-10-01,65,71.81
779,21,109,2024-08-17,2024-08-30,351,64.23
780,5,48,2024-08-18,2024-09-22,40,143.25
781,5,62,2024-08-18,2024-09-30,51,575.62
782,8,112,2024-08-18,2024-09-03,683,35.62
783,4,86,2024-08-19,2024-10-05,13,1334.3
784,9,43,2024-08-19,2024-09-15,60,482.24
785,24,39,2024-08-20,2024-09-19,682,72.17
786,12,3,2024-08-21,2024-09-12,37,234.46
787,24,40,2024-08-21,2024-09-18,151,27.08
788,9,34,2024-08-22,2024-09-18,112,426.03
789,12,84,2024-08-22,2024-10-11,65,758.64
790,19,10,2024-08-22,2024-09-09,154,138.63
791,21,111,2024-08-22,2024-09-02,100,5.9
792,21,109,2024-08-22,2024-09-01,301,71.6
793,24,42,2024-08-22,2024-09-25,14,48.95
794,24,45,2024-08-22,2024-09-22,17,29.45
795,24,42,2024-08-22,2024-09-21,257,50.86
796,23,75,2024-08-23,2024-10-04,38,944.54
797,24,33,2024-08-23,2024-09-20,368,425.46
798,9,45,2024-08-24,2024-09-23,141,32.26
799,19,100,2024-08-24,2024-09-07,607,4.89
800,23,61,2024-08-24,2024-10-01,3,144.79
801,5,75,2024-08-25,2024-10-05,31,1021.51
802,8,112,2024-08-25,2024-09-04,331,32.8
803,13,27,2024-08-25,2024-10-09,71,107.74
804,23,71,2024-08-25,2024-10-04,52,2362.65
805,4,105,2024-08-26,2024-09-09,500,5.73
806,4,90,2024-08-26,2024-10-13,25,2457.14
807,23,109,2024-08-26,2024-09-11,259,70.1
808,24,35,2024-08-26,2024-09-26,107,124.69
809,8,116,2024-08-27,2024-09-07,650,8.42
810,13,92,2024-08-27,2024-09-06,5502,1.45
811,19,15,2024-08-27,2024-09-17,234,34.39
812,19,11,2024-08-27,2024-09-21,49,166.6
813,24,40,2024-08-27,2024-09-24,434,28.19
814,5,60,2024-08-28,2024-10-04,14,879.35
815,6,39,2024-08-28,2024-09-25,109,76.33
816,8,115,2024-08-28,2024-09-07,40,14.39
817,8,106,2024-08-28,2024-09-09,616,11.42
818,19,101,2024-08-28,2024-09-16,1926,4.18
819,8,113,2024-08-29,2024-09-10,468,7.88
820,18,108,2024-08-29,2024-09-13,317,56.2
821,4,95,2024-08-30,2024-09-11,1828,2.44
822,9,33,2024-08-30,2024-10-03,101,426.0
823,6,37,2024-08-31,2024-10-01,79,285.35
824,8,108,2024-08-31,2024-09-10,76,51.89
825,14,68,2024-08-31,2024-10-05,62,1297.29
826,18,107,2024-08-31,2024-09-08,174,10.13
827,21,114,2024-08-31,2024-09-05,313,72.79
828,24,43,2024-08-31,2024-09-24,39,494.32
829,24,35,2024-08-31,2024-09-28,98,112.71
830,7,76,2024-09-01,2024-10-14,11,4165.97
831,23,106,2024-09-01,2024-09-11,234,10.72
832,23,74,2024-09-01,2024-10-07,33,514.98
833,20,30,2024-09-02,2024-10-18,50,1397.68
834,23,63,2024-09-02,2024-10-14,25,1043.16
835,6,37,2024-09-03,2024-09-30,24,287.62
836,8,115,2024-09-03,2024-09-10,1030,14.46
837,17,26,2024-09-03,2024-10-17,48,1266.35
838,23,118,2024-09-03,2024-09-17,269,8.99
839,4,80,2024-09-04,2024-10-25,8,1214.31
840,9,41,2024-09-04,2024-10-01,185,241.81
841,12,11,2024-09-04,2024-09-22,114,172.64
842,18,110,2024-09-05,2024-09-17,103,7.18
843,19,7,2024-09-05,2024-10-01,573,21.55
844,12,84,2024-09-08,2024-10-27,19,817.53
845,21,115,2024-09-09,2024-09-19,163,14.41
846,7,84,2024-09-10,2024-10-29,15,825.48
847,23,116,2024-09-10,2024-09-15,725,8.38
848,5,51,2024-09-11,2024-10-19,29,169.59
849,8,116,2024-09-11,2024-09-21,69,7.61
850,13,29,2024-09-11,2024-10-28,155,233.19
851,17,20,2024-09-11,2024-10-30,235,855.92
852,2,90,2024-09-12,2024-10-28,11,2542.9
853,23,71,2024-09-12,2024-10-18,128,2271.6
854,24,41,2024-09-12,2024-10-11,123,262.32
855,9,42,2024-09-13,2024-10-09,76,49.93
856,12,87,2024-09-13,2024-11-02,14,4016.27
857,17,73,2024-09-13,2024-10-25,59,291.16
858,21,108,2024-09-14,2024-09-24,97,54.47
859,23,109,2024-09-14,2024-09-20,41,66.03
860,24,45,2024-09-14,2024-10-12,27,30.61
861,2,87,2024-09-15,2024-10-30,6,4144.33
862,6,36,2024-09-15,2024-10-14,55,63.06
863,8,115,2024-09-15,2024-09-26,1229,12.96
864,8,114,2024-09-15,2024-09-25,150,69.86
865,14,42,2024-09-15,2024-10-17,28,51.84
866,8,107,2024-09-16,2024-10-02,330,10.5
867,9,45,2024-09-16,2024-10-10,49,31.44
868,9,45,2024-09-16,2024-10-13,251,30.08
869,8,115,2024-09-17,2024-09-27,329,13.14
870,20,17,2024-09-17,2024-11-03,69,384.81
871,8,113,2024-09-18,2024-09-29,176,8.15
872,13,93,2024-09-18,2024-10-02,940,21.17
873,18,109,2024-09-18,2024-09-29,216,70.07
874,4,96,2024-09-19,2024-09-30,822,7.11
875,8,119,2024-09-19,2024-09-29,338,13.25
876,11,20,2024-09-19,2024-11-01,74,867.62
877,19,2,2024-09-19,2024-10-10,89,17.28
878,15,18,2024-09-20,2024-11-03,18,191.89
879,16,49,2024-09-20,2024-10-28,15,638.71
880,24,39,2024-09-20,2024-10-20,22,70.06
881,4,103,2024-09-22,2024-10-04,1863,10.8
882,8,115,2024-09-22,2024-10-05,150,13.48
883,13,30,2024-09-22,2024-11-04,94,1454.97
884,4,104,2024-09-23,2024-10-05,2259,26.1
885,8,111,2024-09-23,2024-10-05,62,6.3
886,8,114,2024-09-23,2024-10-01,260,65.53
887,11,31,2024-09-23,2024-10-19,36,424.65
888,12,85,2024-09-23,2024-11-11,61,4702.5
889,19,97,2024-09-23,2024-10-07,3929,9.24
890,23,63,2024-09-24,2024-10-29,35,1117.05
891,23,120,2024-09-24,2024-10-05,119,7.98
892,14,37,2024-09-25,2024-10-21,67,275.06
893,5,61,2024-09-26,2024-11-08,8,153.49
894,8,114,2024-09-27,2024-10-08,165,70.04
895,18,117,2024-09-27,2024-10-06,454,93.36
896,9,31,2024-09-28,2024-10-26,42,411.19
897,16,48,2024-09-28,2024-11-02,29,158.92
898,21,118,2024-09-28,2024-10-07,176,8.85
899,4,76,2024-09-29,2024-11-18,108,4149.74
900,8,118,2024-09-29,2024-10-11,182,8.8
901,8,113,2024-09-29,2024-10-11,66,8.28
902,8,109,2024-09-29,2024-10-11,229,69.71
903,19,2,2024-09-29,2024-10-21,215,16.94
904,23,72,2024-09-29,2024-11-07,22,397.79
905,24,39,2024-09-29,2024-10-28,55,73.55
906,7,79,2024-09-30,2024-11-22,7,223.02
907,8,108,2024-09-30,2024-10-10,112,57.09
908,8,113,2024-09-30,2024-10-12,159,7.87
909,8,120,2024-09-30,2024-10-09,382,8.02
910,12,88,2024-09-30,2024-11-22,11,2772.07
911,24,44,2024-09-30,2024-10-28,84,44.94
912,9,44,2024-10-01,2024-11-01,44,47.16
913,9,45,2024-10-01,2024-10-29,55,29.69
914,11,17,2024-10-01,2024-11-18,61,382.49
915,11,34,2024-10-01,2024-10-29,85,402.88
916,5,70,2024-10-02,2024-11-08,25,149.96
917,5,61,2024-10-02,2024-11-11,24,148.0
918,21,109,2024-10-02,2024-10-10,106,71.21
919,23,75,2024-10-02,2024-11-11,12,966.2
920,9,43,2024-10-03,2024-11-05,20,507.16
921,23,111,2024-10-03,2024-10-15,68,6.29
922,3,96,2024-10-04,2024-10-15,1459,7.08
923,4,95,2024-10-04,2024-10-13,1881,2.42
924,9,45,2024-10-05,2024-11-02,217,29.15
925,9,40,2024-10-05,2024-11-01,167,28.21
926,12,85,2024-10-05,2024-11-22,14,4633.2
927,24,44,2024-10-05,2024-10-31,167,43.88
928,5,69,2024-10-06,2024-11-13,7,153.54
929,8,114,2024-10-07,2024-10-17,71,68.82
930,8,118,2024-10-07,2024-10-20,111,8.84
931,23,61,2024-10-08,2024-11-18,27,159.19
932,23,69,2024-10-08,2024-11-20,5,159.79
933,12,14,2024-10-09,2024-10-30,219,292.97
934,17,62,2024-10-09,2024-11-19,39,562.9
935,22,10,2024-10-09,2024-10-24,58,129.75
936,8,108,2024-10-10,2024-10-17,217,51.13
937,15,24,2024-10-10,2024-11-22,16,310.34
938,19,94,2024-10-10,2024-10-22,4147,19.39
939,23,116,2024-10-10,2024-10-20,84,7.62
940,6,36,2024-10-11,2024-11-11,51,56.87
941,9,35,2024-10-11,2024-11-08,97,120.71
942,12,2,2024-10-11,2024-11-02,178,15.49
943,14,61,2024-10-12,2024-11-21,9,152.8
944,23,61,2024-10-12,2024-11-26,34,143.85
945,24,31,2024-10-12,2024-11-18,120,424.38
946,8,117,2024-10-13,2024-10-19,302,99.12
947,13,93,2024-10-13,2024-10-24,1244,21.06
948,23,117,2024-10-13,2024-10-25,401,100.28
949,23,112,2024-10-13,2024-10-23,1124,31.92
950,24,33,2024-10-13,2024-11-15,21,395.36
951,3,7,2024-10-14,2024-11-04,81,21.19
952,16,46,2024-10-14,2024-11-14,23,1373.27
953,24,39,2024-10-14,2024-11-10,108,76.65
954,8,113,2024-10-15,2024-11-02,399,7.64
955,13,29,2024-10-15,2024-11-24,65,256.23
956,19,6,2024-10-15,2024-11-08,94,98.82
957,6,45,2024-10-16,2024-11-16,26,29.12
958,8,109,2024-10-16,2024-10-24,117,69.45
959,12,15,2024-10-16,2024-11-06,428,31.45
960,14,61,2024-10-16,2024-11-23,41,162.18
961,14,64,2024-10-16,2024-11-25,10,717.48
962,5,65,2024-10-17,2024-11-23,31,191.94
963,14,65,2024-10-17,2024-11-24,22,191.21
964,19,14,2024-10-17,2024-11-05,72,298.29
965,3,6,2024-10-18,2024-11-11,762,94.62
966,8,115,2024-10-18,2024-10-28,1923,13.42
967,19,91,2024-10-18,2024-11-05,1468,1.05
968,23,62,2024-10-18,2024-11-22,6,553.18
969,14,32,2024-10-19,2024-11-17,19,243.0
970,4,83,2024-10-20,2024-12-11,7,336.78
971,4,104,2024-10-20,2024-11-08,1833,24.41
972,13,98,2024-10-20,2024-11-03,887,26.52
973,7,81,2024-10-21,2024-12-10,8,1554.83
974,17,72,2024-10-21,2024-12-01,3,375.86
975,24,38,2024-10-21,2024-11-11,58,195.43
976,7,84,2024-10-22,2024-12-09,11,763.11
977,12,87,2024-10-22,2024-12-12,8,4309.78
978,18,111,2024-10-22,2024-11-01,342,6.08
979,23,118,2024-10-23,2024-10-30,212,8.79
980,4,93,2024-10-24,2024-11-07,1635,21.03
981,19,99,2024-10-24,2024-11-05,543,9.55
982,24,36,2024-10-24,2024-11-21,100,56.43
983,5,64,2024-10-25,2024-12-06,10,757.26
984,8,120,2024-10-25,2024-11-03,320,8.46
985,8,116,2024-10-25,2024-11-04,156,7.95
986,7,86,2024-10-26,2024-12-14,16,1329.61
987,8,108,2024-10-26,2024-11-02,33,51.91
988,14,63,2024-10-26,2024-12-09,8,1036.01
989,18,114,2024-10-26,2024-11-05,163,73.67
990,20,23,2024-10-26,2024-12-08,104,146.35
991,24,35,2024-10-27,2024-11-18,76,113.99
992,6,41,2024-10-28,2024-11-25,28,241.73
993,11,41,2024-10-28,2024-11-22,80,264.05
994,20,28,2024-10-28,2024-12-12,45,66.9
995,5,75,2024-10-29,2024-12-07,2,1010.22
996,5,60,2024-10-29,2024-12-03,159,859.72
997,8,120,2024-10-29,2024-11-09,101,8.53
998,8,114,2024-10-29,2024-11-09,205,69.56
999,9,43,2024-10-29,2024-11-23,69,508.64
1000,9,31,2024-10-29,2024-11-26,39,427.73
1001,8,119,2024-10-30,2024-11-09,329,12.23
1002,9,33,2024-10-30,2024-11-27,158,428.69
1003,12,14,2024-10-30,2024-11-17,44,308.11
1004,13,29,2024-10-30,2024-12-13,41,234.82
1005,2,77,2024-10-31,2024-12-18,13,490.12
1006,12,81,2024-10-31,2024-12-19,25,1467.34
1007,14,71,2024-10-31,2024-12-09,16,2463.44
1008,23,62,2024-10-31,2024-12-10,31,544.15
1009,8,114,2024-11-01,2024-11-14,517,68.87
1010,8,113,2024-11-01,2024-11-07,183,8.56
1011,8,119,2024-11-01,2024-11-11,820,12.25
1012,17,63,2024-11-01,2024-12-14,15,1037.59
1013,8,119,2024-11-03,2024-11-15,357,11.88
1014,18,115,2024-11-03,2024-11-10,193,14.07
1015,8,115,2024-11-04,2024-11-15,300,13.32
1016,11,34,2024-11-04,2024-12-04,115,404.95
1017,16,49,2024-11-04,2024-12-09,6,599.5
1018,24,31,2024-11-04,2024-12-04,31,394.54
1019,24,37,2024-11-04,2024-11-30,45,267.07
1020,24,37,2024-11-04,2024-12-07,107,277.7
1021,10,50,2024-11-05,2024-12-10,3,1544.43
1022,12,78,2024-11-05,2024-12-31,4,4192.18
1023,15,16,2024-11-05,2024-12-20,40,66.47
1024,19,102,2024-11-05,2024-11-19,1568,4.6
1025,19,103,2024-11-05,2024-11-20,2020,11.81
1026,24,36,2024-11-05,2024-12-05,173,63.11
1027,6,39,2024-11-06,2024-12-04,20,69.99
1028,8,116,2024-11-06,2024-11-15,149,8.35
1029,11,22,2024-11-06,2024-12-25,25,1239.69
1030,20,18,2024-11-06,2024-12-22,41,194.16
1031,2,82,2024-11-07,2024-12-30,89,267.38
1032,4,101,2024-11-07,2024-11-21,1273,4.04
1033,5,47,2024-11-07,2024-12-12,19,132.86
1034,7,80,2024-11-07,2024-12-28,10,1236.51
1035,8,118,2024-11-07,2024-11-16,402,8.6
1036,9,33,2024-11-07,2024-12-05,87,401.64
1037,13,95,2024-11-07,2024-11-21,2598,2.47
1038,18,116,2024-11-07,2024-11-15,482,8.1
1039,19,95,2024-11-07,2024-11-21,3228,2.42
1040,22,8,2024-11-07,2024-11-28,122,133.78
1041,4,100,2024-11-08,2024-11-22,3741,4.94
1042,13,93,2024-11-08,2024-11-22,1738,22.64
1043,14,32,2024-11-08,2024-12-05,35,263.88
1044,24,36,2024-11-08,2024-12-06,142,61.1
1045,24,33,2024-11-09,2024-12-01,30,425.98
1046,5,57,2024-11-10,2024-12-14,14,90.26
1047,9,33,2024-11-10,2024-12-07,301,405.89
1048,6,45,2024-11-11,2024-12-11,127,32.5
1049,19,13,2024-11-11,2024-12-02,353,20.65
1050,19,100,2024-11-11,2024-11-25,453,4.65
1051,2,82,2024-11-12,2024-12-31,5,273.49
1052,12,12,2024-11-12,2024-11-29,34,185.52
1053,14,75,2024-11-12,2024-12-22,84,999.46
1054,14,68,2024-11-12,2024-12-26,6,1291.67
1055,20,27,2024-11-12,2024-12-28,46,101.57
1056,4,78,2024-11-13,2025-01-04,13,4078.32
1057,8,110,2024-11-13,2024-11-22,135,7.51
1058,16,60,2024-11-13,2024-12-17,84,875.28
1059,9,34,2024-11-14,2024-12-12,174,433.8
1060,9,36,2024-11-14,2024-12-12,79,60.04
1061,16,58,2024-11-15,2024-12-20,12,171.62
1062,23,111,2024-11-15,2024-11-25,58,6.22
1063,8,117,2024-11-16,2024-11-28,222,89.18
1064,9,38,2024-11-16,2024-12-17,101,200.07
1065,14,40,2024-11-16,2024-12-15,111,28.77
1066,23,65,2024-11-16,2024-12-25,2,210.35
1067,12,85,2024-11-17,2025-01-05,58,4642.67
1068,19,95,2024-11-17,2024-12-03,1068,2.48
1069,23,65,2024-11-17,2024-12-25,35,201.45
1070,8,116,2024-11-18,2024-11-30,216,8.21
1071,12,15,2024-11-18,2024-12-17,182,33.51
1072,8,114,2024-11-19,2024-11-30,131,71.94
1073,9,32,2024-11-19,2024-12-17,109,253.04
1074,12,12,2024-11-19,2024-12-09,47,196.21
1075,19,15,2024-11-19,2024-12-13,42,33.01
1076,24,35,2024-11-19,2024-12-20,124,114.94
1077,4,77,2024-11-20,2025-01-07,21,493.37
1078,6,39,2024-11-20,2024-12-18,167,71.43
1079,8,117,2024-11-20,2024-11-29,130,97.8
1080,14,33,2024-11-20,2024-12-18,57,434.03
1081,19,11,2024-11-20,2024-12-12,11,172.13
1082,8,111,2024-11-21,2024-12-02,272,6.03
1083,9,36,2024-11-21,2024-12-24,106,56.79
1084,9,41,2024-11-21,2024-12-16,209,242.67
1085,12,3,2024-11-21,2024-12-10,65,226.61
1086,18,114,2024-11-21,2024-12-01,439,72.68
1087,19,96,2024-11-21,2024-12-07,1781,6.85
1088,23,67,2024-11-21,2024-12-28,46,1094.88
1089,3,1,2024-11-22,2024-12-07,65,64.83
1090,8,108,2024-11-22,2024-12-06,858,52.37
1091,8,116,2024-11-22,2024-11-27,68,7.93
1092,11,40,2024-11-22,2024-12-21,129,26.21
1093,19,8,2024-11-22,2024-12-13,213,143.22
1094,4,84,2024-11-23,2025-01-12,9,752.23
1095,5,65,2024-11-23,2024-12-31,5,190.65
1096,11,16,2024-11-23,2025-01-11,52,71.42
1097,12,14,2024-11-23,2024-12-19,402,306.59
1098,19,105,2024-11-23,2024-12-07,2128,5.67
1099,8,108,2024-11-24,2024-12-07,180,54.0
1100,12,10,2024-11-24,2024-12-16,167,126.21
1101,19,11,2024-11-24,2024-12-16,445,164.05
1102,14,32,2024-11-25,2024-12-23,63,271.9
1103,19,11,2024-11-25,2024-12-14,251,165.0
1104,8,118,2024-11-26,2024-12-06,145,8.14
1105,8,116,2024-11-27,2024-12-07,99,8.42
1106,12,86,2024-11-27,2025-01-16,27,1302.76
1107,19,15,2024-11-27,2024-12-18,15,34.38
1108,8,114,2024-11-28,2024-12-08,422,71.94
1109,11,44,2024-11-28,2024-12-25,200,45.49
1110,14,43,2024-11-28,2024-12-24,52,517.9
1111,14,44,2024-11-28,2024-12-25,89,48.99
1112,24,34,2024-11-28,2024-12-20,152,422.59
1113,7,78,2024-11-29,2025-01-19,7,3942.63
1114,4,102,2024-11-30,2024-12-13,1621,4.95
1115,4,81,2024-11-30,2025-01-20,12,1639.81
1116,7,85,2024-11-30,2025-01-14,5,4332.94
1117,24,39,2024-11-30,2024-12-28,17,74.29
1118,8,116,2024-12-01,2024-12-07,745,7.77
1119,8,116,2024-12-01,2024-12-11,104,7.61
1120,12,76,2024-12-01,2025-01-23,24,4559.93
1121,4,83,2024-12-02,2025-01-22,10,319.51
1122,7,76,2024-12-02,2025-01-23,13,4640.33
1123,19,3,2024-12-02,2024-12-25,111,230.46
1124,20,25,2024-12-03,2025-01-23,90,136.1
1125,4,103,2024-12-04,2024-12-20,1891,10.84
1126,19,101,2024-12-04,2024-12-20,4243,3.98
1127,23,67,2024-12-04,2025-01-12,26,1085.83
1128,5,67,2024-12-05,2025-01-12,14,1089.85
1129,4,76,2024-12-06,2025-01-26,4,4356.53
1130,5,48,2024-12-06,2025-01-10,59,141.55
1131,8,115,2024-12-06,2024-12-16,479,12.82
1132,9,31,2024-12-06,2025-01-07,56,413.7
1133,12,88,2024-12-06,2025-01-26,12,2702.51
1134,22,8,2024-12-06,2024-12-27,147,132.28
1135,24,38,2024-12-06,2025-01-03,144,201.23
1136,7,90,2024-12-07,2025-01-26,14,2690.07
1137,8,112,2024-12-07,2024-12-15,187,35.65
1138,10,48,2024-12-07,2025-01-11,7,145.62
1139,4,88,2024-12-08,2025-01-26,23,2651.1
1140,8,108,2024-12-08,2024-12-18,447,53.39
1141,9,38,2024-12-08,2025-01-05,53,188.58
1142,10,50,2024-12-08,2025-01-12,34,1596.54
1143,11,24,2024-12-08,2025-01-22,24,324.76
1144,13,18,2024-12-08,2025-01-21,61,201.5
1145,23,67,2024-12-08,2025-01-15,31,1107.76
1146,8,106,2024-12-09,2024-12-18,192,10.9
1147,9,37,2024-12-09,2025-01-06,117,267.65
1148,11,45,2024-12-09,2025-01-07,27,30.52
1149,12,86,2024-12-10,2025-01-24,22,1349.16
1150,23,61,2024-12-10,2025-01-19,13,161.9
1151,4,103,2024-12-11,2024-12-19,3824,10.83
1152,9,44,2024-12-11,2025-01-08,90,43.73
1153,19,103,2024-12-11,2024-12-24,1215,11.4
1154,2,84,2024-12-12,2025-01-26,17,783.56
1155,19,13,2024-12-12,2025-01-02,160,21.75
1156,3,93,2024-12-13,2025-01-01,1705,22.45
1157,4,76,2024-12-13,2025-01-28,3,4602.19
1158,9,38,2024-12-13,2025-01-08,25,194.74
1159,9,38,2024-12-13,2025-01-10,38,195.54
1160,13,21,2024-12-13,2025-01-27,25,161.39
1161,14,67,2024-12-13,2025-01-22,54,1134.43
1162,19,13,2024-12-13,2025-01-10,164,21.92
1163,11,25,2024-12-14,2025-01-27,111,136.66
1164,12,8,2024-12-14,2025-01-05,205,133.64
1165,17,68,2024-12-14,2025-01-21,38,1252.79
1166,13,19,2024-12-15,2025-02-01,101,894.49
1167,13,28,2024-12-15,2025-01-27,133,67.82
1168,19,105,2024-12-15,2024-12-29,1031,5.29
1169,8,111,2024-12-16,2024-12-23,604,6.42
1170,11,30,2024-12-17,2025-02-01,24,1516.59
1171,18,113,2024-12-17,2024-12-27,54,7.93
1172,23,119,2024-12-17,2024-12-29,471,11.84
1173,14,35,2024-12-18,2025-01-13,86,122.26
1174,8,112,2024-12-19,2024-12-29,207,35.36
1175,11,31,2024-12-19,2025-01-17,189,428.27
1176,8,114,2024-12-20,2024-12-30,131,65.86
1177,9,37,2024-12-20,2025-01-16,142,279.14
1178,9,35,2024-12-20,2025-01-17,91,120.84
1179,6,37,2024-12-21,2025-01-19,144,286.4
1180,7,81,2024-12-21,2025-02-11,4,1497.29
1181,24,35,2024-12-21,2025-01-16,72,113.36
1182,5,65,2024-12-22,2025-01-31,16,206.8
1183,18,108,2024-12-22,2025-01-01,277,51.53
1184,23,61,2024-12-22,2025-01-31,6,153.15
1185,10,47,2024-12-23,2025-01-28,63,145.61
1186,17,63,2024-12-23,2025-01-31,63,1125.9
1187,14,68,2024-12-24,2025-02-02,62,1315.26
1188,14,63,2024-12-25,2025-02-02,18,1020.55
1189,12,78,2024-12-26,2025-02-11,17,3938.58
1190,21,113,2024-12-26,2025-01-05,57,7.99
1191,2,86,2024-12-27,2025-02-15,12,1413.61
1192,6,42,2024-12-27,2025-01-29,71,47.58
1193,5,61,2024-12-28,2025-02-03,14,150.02
1194,6,41,2024-12-28,2025-01-23,101,267.99
1195,8,118,2024-12-28,2025-01-06,716,9.01
1196,8,106,2024-12-29,2025-01-14,208,10.66
1197,13,21,2024-12-29,2025-02-11,18,173.77
1198,16,51,2024-12-29,2025-01-29,59,153.89
1199,17,67,2024-12-29,2025-02-08,29,1225.46
1200,8,108,2024-12-30,2025-01-13,244,52.04
1201,14,63,2024-12-30,2025-02-12,10,1122.46
1202,23,116,2024-12-30,2025-01-12,183,8.08
1203,24,34,2024-12-30,2025-01-29,40,431.09
1204,7,88,2024-12-31,2025-02-14,14,2794.68
1205,11,31,2024-12-31,2025-02-01,31,413.23
1206,4,98,2025-01-01,2025-01-15,1722,23.96
1207,5,49,2025-01-01,2025-02-05,18,664.98
1208,8,118,2025-01-01,2025-01-11,523,8.48
1209,15,26,2025-01-01,2025-02-14,98,1197.95
1210,19,101,2025-01-02,2025-01-18,2196,4.2
1211,2,76,2025-01-03,2025-02-24,24,4467.78
1212,16,59,2025-01-03,2025-02-06,10,127.25
1213,8,110,2025-01-04,2025-01-17,476,6.89
1214,9,45,2025-01-04,2025-02-02,62,30.93
1215,12,77,2025-01-04,2025-02-21,5,491.32
1216,17,29,2025-01-04,2025-02-22,10,251.68
1217,6,32,2025-01-05,2025-01-30,74,243.4
1218,11,39,2025-01-05,2025-02-03,112,74.94
1219,23,68,2025-01-05,2025-02-15,8,1240.49
1220,24,43,2025-01-05,2025-01-28,225,491.41
1221,6,33,2025-01-06,2025-02-04,17,431.42
1222,7,85,2025-01-06,2025-03-04,9,4473.34
1223,14,65,2025-01-06,2025-02-17,4,187.77
1224,14,38,2025-01-07,2025-02-05,65,197.71
1225,23,114,2025-01-07,2025-01-12,326,69.61
1226,24,41,2025-01-07,2025-02-03,112,261.95
1227,9,43,2025-01-08,2025-01-30,48,507.94
1228,18,113,2025-01-08,2025-01-16,113,8.27
1229,23,65,2025-01-08,2025-02-17,5,201.7
1230,7,81,2025-01-09,2025-02-28,15,1494.81
1231,12,81,2025-01-09,2025-02-25,66,1492.84
1232,14,35,2025-01-09,2025-02-01,236,121.08
1233,16,55,2025-01-09,2025-02-13,38,480.79
1234,17,61,2025-01-09,2025-02-19,14,153.04
1235,19,91,2025-01-09,2025-01-23,2124,1.16
1236,24,36,2025-01-09,2025-02-05,80,61.94
1237,13,29,2025-01-10,2025-02-27,58,260.56
1238,14,36,2025-01-10,2025-02-12,91,62.1
1239,17,26,2025-01-10,2025-02-26,55,1267.92
1240,23,109,2025-01-10,2025-01-20,421,68.26
1241,23,64,2025-01-10,2025-02-16,16,727.97
1242,5,63,2025-01-11,2025-02-22,13,1009.75
1243,24,38,2025-01-11,2025-02-05,63,187.78
1244,5,75,2025-01-12,2025-02-21,101,981.11
1245,14,71,2025-01-12,2025-02-18,29,2371.75
1246,23,61,2025-01-12,2025-02-20,51,159.59
1247,24,41,2025-01-12,2025-02-09,31,256.64
1248,3,100,2025-01-13,2025-01-28,1847,4.9
1249,4,91,2025-01-13,2025-01-28,8614,1.13
1250,12,86,2025-01-13,2025-03-04,34,1371.88
1251,13,23,2025-01-13,2025-03-01,104,160.88
1252,17,63,2025-01-13,2025-02-22,102,1041.42
1253,18,120,2025-01-13,2025-01-21,126,8.16
1254,23,117,2025-01-13,2025-01-23,81,88.76
1255,24,33,2025-01-14,2025-02-14,68,408.85
1256,4,83,2025-01-15,2025-03-06,50,315.31
1257,8,112,2025-01-16,2025-01-25,71,34.46
1258,14,39,2025-01-16,2025-02-11,38,76.39
1259,7,83,2025-01-17,2025-03-18,18,330.48
1260,8,115,2025-01-17,2025-01-29,398,13.0
1261,4,86,2025-01-19,2025-03-11,21,1382.91
1262,7,88,2025-01-19,2025-03-12,69,2568.93
1263,8,114,2025-01-19,2025-02-02,193,71.96
1264,19,6,2025-01-19,2025-02-10,242,95.7
1265,8,112,2025-01-20,2025-01-31,494,32.62
1266,8,117,2025-01-20,2025-01-27,57,89.5
1267,9,42,2025-01-20,2025-02-16,64,50.71
1268,8,109,2025-01-21,2025-02-04,764,66.23
1269,12,78,2025-01-21,2025-03-11,14,4009.66
1270,10,95,2025-01-22,2025-02-05,832,2.45
1271,12,2,2025-01-22,2025-02-11,59,17.24
1272,23,73,2025-01-22,2025-03-07,27,267.43
1273,23,67,2025-01-22,2025-03-01,33,1120.34
1274,4,101,2025-01-23,2025-02-07,1529,4.11
1275,12,88,2025-01-23,2025-03-16,5,2692.28
1276,19,92,2025-01-23,2025-02-06,1028,1.59
1277,19,1,2025-01-23,2025-02-13,137,60.92
1278,23,72,2025-01-23,2025-03-04,5,404.73
1279,23,71,2025-01-24,2025-03-01,43,2400.77
1280,23,110,2025-01-24,2025-02-05,3124,6.74
1281,8,110,2025-01-25,2025-02-02,138,7.35
1282,17,74,2025-01-25,2025-03-06,16,548.67
1283,19,92,2025-01-25,2025-02-09,4042,1.57
1284,24,31,2025-01-25,2025-02-22,208,436.82
1285,4,88,2025-01-26,2025-03-20,16,2862.61
1286,5,64,2025-01-26,2025-03-07,27,759.64
1287,6,43,2025-01-27,2025-02-23,148,507.95
1288,12,3,2025-01-27,2025-02-20,71,229.49
1289,23,66,2025-01-27,2025-03-08,19,1569.04
1290,17,63,2025-01-28,2025-03-09,33,1114.84
1291,23,69,2025-01-28,2025-03-11,23,153.72
1292,23,74,2025-01-28,2025-03-06,29,558.58
1293,4,82,2025-01-29,2025-03-20,30,301.08
1294,19,101,2025-01-29,2025-02-13,10813,3.91
1295,9,41,2025-01-30,2025-02-22,90,272.59
1296,9,34,2025-01-30,2025-02-23,239,415.33
1297,16,58,2025-01-30,2025-03-03,34,180.27
1298,8,110,2025-01-31,2025-02-12,244,7.03
1299,8,107,2025-01-31,2025-02-10,67,11.4
1300,9,44,2025-01-31,2025-02-28,111,47.63
1301,12,80,2025-02-01,2025-03-24,49,1237.53
1302,16,48,2025-02-01,2025-03-04,22,152.48
1303,23,110,2025-02-01,2025-02-12,94,7.14
1304,8,113,2025-02-03,2025-02-13,299,7.62
1305,9,35,2025-02-03,2025-03-01,124,122.91
1306,17,17,2025-02-03,2025-03-21,199,344.61
1307,17,73,2025-02-04,2025-03-19,31,271.8
1308,4,93,2025-02-05,2025-02-20,5147,22.16
1309,4,98,2025-02-05,2025-02-22,373,24.84
1310,7,89,2025-02-05,2025-04-01,7,876.59
1311,8,120,2025-02-05,2025-02-11,127,7.93
1312,14,37,2025-02-05,2025-03-01,86,269.24
1313,18,112,2025-02-05,2025-02-15,602,33.55
1314,20,16,2025-02-05,2025-03-14,100,70.63
1315,13,30,2025-02-06,2025-03-25,28,1523.33
1316,4,103,2025-02-07,2025-02-17,2778,11.76
1317,4,84,2025-02-08,2025-04-02,36,806.66
1318,6,38,2025-02-08,2025-03-07,27,189.72
1319,8,118,2025-02-08,2025-02-18,133,8.46
1320,8,113,2025-02-08,2025-02-23,54,8.29
1321,21,119,2025-02-08,2025-02-21,192,12.1
1322,23,106,2025-02-08,2025-02-22,423,11.35
1323,3,101,2025-02-09,2025-02-19,977,3.98
1324,8,116,2025-02-09,2025-02-20,200,7.6
1325,9,38,2025-02-09,2025-03-07,18,194.76
1326,9,34,2025-02-09,2025-03-10,186,433.19
1327,12,7,2025-02-09,2025-03-01,153,21.45
1328,2,80,2025-02-10,2025-03-31,15,1217.58
1329,8,113,2025-02-10,2025-02-19,127,8.1
1330,13,21,2025-02-10,2025-03-29,44,168.33
1331,19,98,2025-02-10,2025-02-23,1524,26.44
1332,14,66,2025-02-11,2025-03-27,13,1636.29
1333,14,45,2025-02-11,2025-03-11,61,30.09
1334,1,84,2025-02-12,2025-04-06,8,753.01
1335,16,50,2025-02-12,2025-03-20,32,1605.78
1336,23,109,2025-02-12,2025-02-22,129,70.93
1337,14,31,2025-02-13,2025-03-20,71,437.32
1338,14,31,2025-02-13,2025-03-12,273,443.57
1339,8,118,2025-02-14,2025-02-23,171,9.02
1340,13,99,2025-02-14,2025-03-03,1622,9.95
1341,23,62,2025-02-14,2025-04-01,109,559.81
1342,2,88,2025-02-15,2025-04-02,6,2625.66
1343,8,108,2025-02-15,2025-02-27,209,56.22
1344,24,32,2025-02-15,2025-03-19,90,263.34
1345,23,74,2025-02-16,2025-03-25,17,503.98
1346,3,6,2025-02-17,2025-03-09,34,98.3
1347,14,71,2025-02-17,2025-03-25,79,2277.29
1348,14,74,2025-02-17,2025-03-27,21,518.35
1349,19,5,2025-02-17,2025-03-07,118,25.56
1350,6,44,2025-02-18,2025-03-18,49,44.38
1351,9,44,2025-02-18,2025-03-14,234,46.93
1352,12,12,2025-02-18,2025-03-13,90,191.42
1353,5,57,2025-02-19,2025-03-26,19,82.18
1354,6,33,2025-02-19,2025-03-19,93,426.11
1355,8,107,2025-02-19,2025-03-02,825,11.45
1356,12,85,2025-02-19,2025-04-11,15,4704.05
1357,4,100,2025-02-20,2025-03-06,6902,4.38
1358,8,116,2025-02-20,2025-03-07,147,8.22
1359,16,55,2025-02-20,2025-03-30,18,435.41
1360,19,12,2025-02-20,2025-03-13,100,180.95
1361,16,55,2025-02-21,2025-03-30,32,449.64
1362,21,112,2025-02-22,2025-03-05,87,32.76
1363,19,94,2025-02-23,2025-03-13,2249,18.77
1364,8,114,2025-02-24,2025-03-06,130,73.06
1365,9,36,2025-02-24,2025-03-29,96,56.47
1366,14,38,2025-02-24,2025-03-23,21,187.51
1367,4,95,2025-02-25,2025-03-08,705,2.38
1368,5,57,2025-02-25,2025-04-03,9,83.76
1369,8,107,2025-02-25,2025-03-06,453,11.06
1370,12,86,2025-02-25,2025-04-16,23,1374.72
1371,12,12,2025-02-25,2025-03-17,113,183.2
1372,19,15,2025-02-25,2025-03-16,75,30.45
1373,21,106,2025-02-25,2025-03-06,657,11.33
1374,24,38,2025-02-25,2025-03-31,67,183.36
1375,24,32,2025-02-25,2025-03-26,26,251.69
1376,12,90,2025-02-26,2025-04-20,26,2514.11
1377,14,70,2025-02-26,2025-04-04,18,161.65
1378,23,67,2025-02-26,2025-04-07,49,1141.09
1379,8,113,2025-02-27,2025-03-09,89,8.42
1380,23,111,2025-02-27,2025-03-11,277,6.24
1381,23,67,2025-02-27,2025-04-08,18,1136.65
1382,7,78,2025-02-28,2025-04-22,26,4175.43
1383,8,116,2025-02-28,2025-03-14,193,8.19
1384,16,50,2025-02-28,2025-04-08,44,1717.4
1385,4,98,2025-03-01,2025-03-15,2748,25.29
1386,9,42,2025-03-01,2025-03-31,13,50.88
1387,23,64,2025-03-01,2025-04-10,49,716.43
1388,4,92,2025-03-02,2025-03-19,1345,1.43
1389,5,67,2025-03-02,2025-04-12,56,1145.94
1390,5,57,2025-03-02,2025-04-06,25,85.26
1391,19,94,2025-03-02,2025-03-15,808,20.31
1392,24,39,2025-03-03,2025-04-03,78,71.35
1393,7,89,2025-03-04,2025-04-22,68,899.46
1394,11,18,2025-03-04,2025-04-17,214,213.13
1395,18,115,2025-03-04,2025-03-18,54,13.99
1396,24,39,2025-03-04,2025-04-02,197,71.47
1397,6,44,2025-03-05,2025-04-06,41,47.06
1398,16,60,2025-03-05,2025-04-11,39,839.38
1399,19,15,2025-03-05,2025-03-26,140,30.35
1400,9,36,2025-03-06,2025-04-03,903,56.78
1401,13,95,2025-03-06,2025-03-20,538,2.44
1402,19,96,2025-03-06,2025-03-17,4998,6.92
1403,2,90,2025-03-07,2025-04-27,7,2572.24
1404,2,83,2025-03-07,2025-04-23,2,327.6
1405,4,95,2025-03-07,2025-03-21,1140,2.32
1406,12,9,2025-03-07,2025-03-28,340,37.15
1407,18,115,2025-03-07,2025-03-13,279,13.92
1408,4,94,2025-03-08,2025-03-20,2661,20.04
1409,9,41,2025-03-08,2025-04-07,38,265.4
1410,1,77,2025-03-09,2025-04-28,12,520.38
1411,4,80,2025-03-09,2025-04-28,2,1208.36
1412,8,118,2025-03-09,2025-03-21,55,8.11
1413,12,89,2025-03-09,2025-04-25,19,905.78
1414,1,88,2025-03-10,2025-05-02,10,2784.22
1415,2,90,2025-03-10,2025-04-21,24,2541.72
1416,9,44,2025-03-10,2025-04-08,405,47.31
1417,21,107,2025-03-10,2025-03-20,409,10.89
1418,22,6,2025-03-10,2025-03-30,100,94.4
1419,12,8,2025-03-11,2025-04-03,510,131.01
1420,23,69,2025-03-11,2025-04-20,65,159.59
1421,9,39,2025-03-12,2025-04-12,84,69.17
1422,16,57,2025-03-12,2025-04-17,27,82.52
1423,21,107,2025-03-12,2025-03-17,470,10.15
1424,24,43,2025-03-12,2025-04-04,165,460.37
1425,5,69,2025-03-13,2025-04-22,10,154.42
1426,9,45,2025-03-13,2025-04-09,236,31.47
1427,13,96,2025-03-13,2025-03-27,4750,7.35
1428,19,103,2025-03-13,2025-03-25,1810,11.92
1429,4,81,2025-03-14,2025-05-03,19,1575.3
1430,4,103,2025-03-15,2025-03-21,3127,11.32
1431,11,37,2025-03-15,2025-04-09,185,265.9
1432,14,43,2025-03-15,2025-04-16,76,483.3
1433,3,98,2025-03-16,2025-03-25,428,23.69
1434,9,35,2025-03-16,2025-04-15,114,117.6
1435,16,60,2025-03-16,2025-04-21,22,826.39
1436,11,17,2025-03-17,2025-05-01,60,363.66
1437,3,6,2025-03-18,2025-04-09,146,91.92
1438,6,31,2025-03-18,2025-04-18,202,447.16
1439,6,39,2025-03-18,2025-04-17,58,68.43
1440,9,34,2025-03-18,2025-04-09,103,434.07
1441,19,96,2025-03-18,2025-03-31,1070,7.22
1442,23,113,2025-03-18,2025-03-28,275,8.59
1443,8,116,2025-03-19,2025-03-24,45,8.04
1444,19,11,2025-03-19,2025-04-07,391,155.81
1445,14,39,2025-03-20,2025-04-16,18,73.11
1446,18,112,2025-03-20,2025-04-01,66,32.15
1447,3,10,2025-03-21,2025-04-11,177,131.43
1448,6,31,2025-03-21,2025-04-16,21,397.47
1449,1,76,2025-03-22,2025-05-16,16,4629.37
1450,3,94,2025-03-22,2025-04-04,400,20.29
1451,10,60,2025-03-22,2025-04-26,45,811.93
1452,19,105,2025-03-22,2025-04-03,925,5.76
1453,23,62,2025-03-22,2025-05-08,7,558.63
1454,8,114,2025-03-23,2025-03-31,331,65.31
1455,19,9,2025-03-23,2025-04-14,79,38.19
1456,2,79,2025-03-25,2025-05-14,15,227.91
1457,9,41,2025-03-25,2025-04-22,30,270.53
1458,22,2,2025-03-25,2025-04-18,220,16.22
1459,2,80,2025-03-26,2025-05-15,39,1199.99
1460,3,105,2025-03-26,2025-04-11,4817,5.62
1461,7,82,2025-03-26,2025-05-18,20,299.15
1462,19,1,2025-03-27,2025-04-14,155,68.32
1463,4,90,2025-03-28,2025-05-17,36,2392.35
1464,8,113,2025-03-28,2025-04-12,242,8.35
1465,8,112,2025-03-28,2025-04-09,65,34.06
1466,14,63,2025-03-28,2025-05-02,13,1007.73
1467,18,116,2025-03-28,2025-04-06,1145,7.65
1468,23,61,2025-03-28,2025-05-07,10,148.06
1469,24,32,2025-03-28,2025-04-25,89,259.46
1470,3,105,2025-03-29,2025-04-19,1628,5.41
1471,8,111,2025-03-29,2025-04-08,127,6.17
1472,8,114,2025-03-29,2025-04-03,171,69.7
1473,10,101,2025-03-29,2025-04-15,2841,4.09
1474,11,22,2025-03-29,2025-05-11,374,1288.23
1475,11,45,2025-03-29,2025-04-30,32,28.9
1476,9,36,2025-03-30,2025-04-27,66,61.08
1477,5,66,2025-03-31,2025-05-07,16,1570.39
1478,8,120,2025-03-31,2025-04-08,284,8.72
1479,8,106,2025-03-31,2025-04-06,263,11.3
1480,3,104,2025-04-01,2025-04-17,924,23.89
1481,11,17,2025-04-01,2025-05-14,206,375.23
1482,19,8,2025-04-01,2025-04-18,29,131.87
1483,6,45,2025-04-02,2025-05-05,74,30.81
1484,8,120,2025-04-02,2025-04-12,187,7.96
1485,8,112,2025-04-02,2025-04-12,352,35.5
1486,12,80,2025-04-02,2025-05-27,21,1259.62
1487,8,120,2025-04-03,2025-04-13,149,8.78
1488,14,38,2025-04-03,2025-05-01,284,187.01
1489,19,101,2025-04-03,2025-04-16,482,4.03
1490,8,112,2025-04-04,2025-04-14,30,34.47
1491,23,109,2025-04-04,2025-04-13,249,67.29
1492,4,97,2025-04-05,2025-04-16,3943,9.48
1493,20,18,2025-04-05,2025-05-25,268,194.55
1494,24,38,2025-04-05,2025-05-03,64,187.23
1495,16,55,2025-04-06,2025-05-10,36,441.01
1496,7,90,2025-04-07,2025-05-26,16,2617.29
1497,8,113,2025-04-07,2025-04-17,823,7.87
1498,9,32,2025-04-07,2025-05-05,9,263.93
1499,12,13,2025-04-07,2025-04-22,133,21.0
1500,6,31,2025-04-08,2025-05-07,138,409.25
1501,9,32,2025-04-08,2025-05-06,68,257.05
1502,11,38,2025-04-08,2025-05-08,39,195.18
1503,20,17,2025-04-08,2025-05-24,54,356.81
1504,9,44,2025-04-09,2025-05-07,93,45.2
1505,12,1,2025-04-09,2025-04-24,427,63.63
1506,14,41,2025-04-09,2025-05-02,37,244.59
1507,20,25,2025-04-09,2025-05-19,44,136.75
1508,12,9,2025-04-10,2025-05-04,33,36.77
1509,13,29,2025-04-10,2025-05-25,102,235.59
1510,19,13,2025-04-10,2025-05-02,101,21.1
1511,6,31,2025-04-11,2025-05-15,50,405.7
1512,10,53,2025-04-11,2025-05-15,11,1240.9
1513,12,10,2025-04-11,2025-05-02,82,125.28
1514,14,36,2025-04-11,2025-05-07,81,57.39
1515,17,28,2025-04-11,2025-06-02,176,66.57
1516,17,64,2025-04-11,2025-05-21,46,751.36
1517,16,59,2025-04-12,2025-05-17,9,122.71
1518,23,73,2025-04-12,2025-05-25,22,265.65
1519,11,42,2025-04-13,2025-05-11,87,52.69
1520,12,79,2025-04-13,2025-06-02,4,208.93
1521,19,1,2025-04-13,2025-04-27,81,67.25
1522,23,114,2025-04-13,2025-04-23,380,69.08
1523,24,36,2025-04-13,2025-05-10,103,56.26
1524,6,31,2025-04-14,2025-05-17,143,427.39
1525,23,111,2025-04-14,2025-04-23,130,6.52
1526,19,96,2025-04-15,2025-04-25,1679,7.18
1527,11,30,2025-04-16,2025-05-27,49,1401.81
1528,15,17,2025-04-16,2025-06-01,56,350.07
1529,8,115,2025-04-17,2025-04-27,96,14.3
1530,2,78,2025-04-18,2025-06-07,35,3950.66
1531,7,77,2025-04-18,2025-06-07,12,520.29
1532,7,90,2025-04-18,2025-06-05,4,2633.69
1533,11,43,2025-04-18,2025-05-16,145,473.31
1534,21,108,2025-04-18,2025-04-28,986,52.69
1535,4,76,2025-04-19,2025-06-04,4,4224.1
1536,8,110,2025-04-19,2025-05-04,264,6.68
1537,14,72,2025-04-19,2025-05-25,6,377.91
1538,21,117,2025-04-19,2025-04-27,182,96.97
1539,11,18,2025-04-20,2025-06-04,16,213.65
1540,20,18,2025-04-20,2025-06-03,38,197.78
1541,5,53,2025-04-21,2025-05-22,49,1188.36
1542,16,53,2025-04-21,2025-05-29,13,1124.7
1543,21,109,2025-04-21,2025-05-05,598,65.02
1544,11,41,2025-04-22,2025-05-20,14,261.51
1545,19,9,2025-04-22,2025-05-10,271,37.13
1546,4,87,2025-04-23,2025-06-16,29,3982.51
1547,8,113,2025-04-23,2025-05-02,181,8.34
1548,12,77,2025-04-23,2025-06-13,22,534.16
1549,21,120,2025-04-23,2025-05-02,237,7.8
1550,7,76,2025-04-24,2025-06-13,9,4633.89
1551,8,111,2025-04-24,2025-05-08,288,6.57
1552,8,120,2025-04-24,2025-05-06,527,7.99
1553,11,38,2025-04-24,2025-05-22,94,184.69
1554,13,95,2025-04-24,2025-05-08,1112,2.25
1555,18,106,2025-04-24,2025-05-06,136,11.16
1556,8,120,2025-04-25,2025-05-05,106,7.77
1557,9,41,2025-04-25,2025-05-26,155,266.66
1558,24,45,2025-04-25,2025-05-24,24,32.64
1559,7,84,2025-04-28,2025-06-19,13,811.21
1560,8,110,2025-04-29,2025-05-09,157,6.89
1561,9,44,2025-04-29,2025-05-24,46,47.96
1562,8,111,2025-04-30,2025-05-10,36,6.45
1563,20,17,2025-04-30,2025-06-17,385,356.67
1564,23,61,2025-04-30,2025-06-09,95,156.98
1565,8,106,2025-05-01,2025-05-15,353,10.99
1566,9,38,2025-05-01,2025-05-28,106,201.13
1567,13,92,2025-05-01,2025-05-15,2461,1.45
1568,13,105,2025-05-01,2025-05-13,4718,5.68
1569,18,119,2025-05-01,2025-05-08,86,12.01
1570,23,115,2025-05-01,2025-05-08,175,12.76
1571,6,37,2025-05-02,2025-05-30,185,285.84
1572,7,84,2025-05-02,2025-06-26,3,744.27
1573,8,106,2025-05-03,2025-05-15,353,11.27
1574,8,113,2025-05-03,2025-05-13,226,7.9
1575,10,93,2025-05-03,2025-05-15,2853,20.84
1576,11,23,2025-05-03,2025-06-17,131,162.04
1577,13,96,2025-05-03,2025-05-18,393,6.84
1578,23,61,2025-05-03,2025-06-12,100,163.32
1579,8,118,2025-05-04,2025-05-09,187,8.43
1580,17,74,2025-05-04,2025-06-13,22,537.2
1581,24,44,2025-05-04,2025-05-24,136,43.62
1582,18,120,2025-05-06,2025-05-17,1048,8.15
1583,18,118,2025-05-06,2025-05-16,152,8.74
1584,13,25,2025-05-07,2025-06-20,100,145.31
1585,21,108,2025-05-07,2025-05-16,153,54.19
1586,21,106,2025-05-07,2025-05-20,236,11.26
1587,13,27,2025-05-08,2025-06-23,81,100.51
1588,21,110,2025-05-08,2025-05-24,64,7.05
1589,23,119,2025-05-08,2025-05-16,114,13.06
1590,8,110,2025-05-09,2025-05-17,239,7.2
1591,10,97,2025-05-09,2025-05-23,2621,9.24
1592,14,31,2025-05-09,2025-06-05,46,400.28
1593,9,41,2025-05-10,2025-06-05,41,268.88
1594,17,63,2025-05-10,2025-06-19,5,1023.77
1595,24,35,2025-05-10,2025-06-07,103,119.84
1596,4,99,2025-05-11,2025-05-26,1511,9.12
1597,8,119,2025-05-11,2025-05-19,109,12.56
1598,12,10,2025-05-11,2025-05-31,60,134.75
1599,1,77,2025-05-12,2025-06-27,7,492.5
1600,6,31,2025-05-12,2025-06-06,275,442.2
1601,12,1,2025-05-12,2025-06-05,147,67.06
1602,12,3,2025-05-12,2025-06-03,119,216.59
1603,13,93,2025-05-12,2025-05-29,1534,20.38
1604,16,50,2025-05-12,2025-06-13,71,1717.17
1605,17,63,2025-05-12,2025-06-21,32,1019.72
1606,2,79,2025-05-13,2025-06-23,37,206.28
1607,9,38,2025-05-13,2025-06-10,84,195.57
1608,13,102,2025-05-13,2025-05-23,1297,5.01
1609,18,119,2025-05-13,2025-05-31,550,12.62
1610,3,7,2025-05-14,2025-06-05,40,22.82
1611,6,45,2025-05-14,2025-06-10,256,31.82
1612,24,41,2025-05-14,2025-06-13,37,256.71
1613,8,120,2025-05-15,2025-05-28,300,8.29
1614,19,97,2025-05-15,2025-05-30,384,9.9
1615,13,17,2025-05-16,2025-07-02,13,363.98
1616,19,4,2025-05-16,2025-06-06,474,283.82
1617,6,40,2025-05-17,2025-06-09,155,26.92
1618,12,86,2025-05-17,2025-07-09,13,1433.51
1619,8,112,2025-05-18,2025-06-01,46,35.46
1620,9,34,2025-05-18,2025-06-16,73,409.01
1621,19,11,2025-05-18,2025-06-09,77,162.68
1622,7,84,2025-05-19,2025-07-14,4,827.31
1623,20,21,2025-05-19,2025-07-04,36,169.0
1624,12,76,2025-05-20,2025-07-08,1,4391.74
1625,13,28,2025-05-20,2025-07-04,114,73.87
1626,14,32,2025-05-20,2025-06-16,554,268.01
1627,18,114,2025-05-20,2025-05-30,386,71.09
1628,19,99,2025-05-20,2025-06-09,875,9.64
1629,24,34,2025-05-20,2025-06-17,110,405.67
1630,8,112,2025-05-21,2025-05-28,148,34.84
1631,9,35,2025-05-21,2025-06-14,133,124.72
1632,13,30,2025-05-21,2025-07-04,70,1565.31
1633,6,36,2025-05-22,2025-06-20,101,62.3
1634,8,120,2025-05-22,2025-05-29,185,8.19
1635,11,28,2025-05-22,2025-07-09,284,67.53
1636,12,87,2025-05-22,2025-07-10,5,4306.67
1637,19,5,2025-05-22,2025-06-10,44,23.63
1638,23,114,2025-05-22,2025-05-30,369,72.24
1639,11,28,2025-05-23,2025-07-06,43,72.35
1640,20,18,2025-05-23,2025-07-09,160,198.06
1641,8,106,2025-05-24,2025-06-01,167,11.19
1642,5,60,2025-05-25,2025-07-07,6,825.87
1643,5,53,2025-05-25,2025-06-28,56,1164.99
1644,13,97,2025-05-25,2025-06-05,1146,9.53
1645,21,110,2025-05-25,2025-06-03,154,7.11
1646,23,65,2025-05-25,2025-07-04,65,198.57
1647,24,41,2025-05-25,2025-06-19,168,258.6
1648,1,90,2025-05-26,2025-07-14,21,2506.26
1649,4,80,2025-05-26,2025-07-15,9,1135.16
1650,7,76,2025-05-26,2025-07-24,8,4331.44
1651,15,24,2025-05-26,2025-07-07,48,332.71
1652,17,25,2025-05-26,2025-07-10,21,142.47
1653,18,118,2025-05-26,2025-06-07,49,9.12
1654,8,118,2025-05-27,2025-06-08,332,8.07
1655,8,117,2025-05-27,2025-06-04,219,100.33
1656,14,42,2025-05-27,2025-06-20,112,46.5
1657,20,22,2025-05-27,2025-07-11,58,1241.42
1658,8,113,2025-05-28,2025-06-04,67,8.37
1659,8,112,2025-05-28,2025-06-03,447,32.56
1660,9,37,2025-05-28,2025-06-28,9,290.61
1661,10,55,2025-05-28,2025-06-30,73,476.05
1662,16,57,2025-05-28,2025-07-03,24,88.88
1663,11,20,2025-05-29,2025-07-19,32,858.31
1664,13,17,2025-05-29,2025-07-12,51,369.3
1665,14,71,2025-05-29,2025-07-07,18,2436.87
1666,19,5,2025-05-29,2025-06-24,104,24.24
1667,19,103,2025-05-29,2025-06-12,894,10.54
1668,5,71,2025-05-30,2025-07-08,10,2371.37
1669,15,30,2025-05-30,2025-07-14,38,1464.62
1670,23,113,2025-05-30,2025-06-13,433,8.36
1671,23,64,2025-05-30,2025-07-06,130,754.61
1672,12,7,2025-05-31,2025-06-21,230,20.83
1673,12,11,2025-05-31,2025-06-19,27,173.85
1674,12,3,2025-05-31,2025-06-19,63,224.99
1675,19,100,2025-05-31,2025-06-12,1776,4.6
1676,19,93,2025-05-31,2025-06-08,2665,22.9
1677,24,40,2025-05-31,2025-07-01,113,26.51
1678,5,74,2025-06-01,2025-07-11,18,522.04
1679,8,107,2025-06-01,2025-06-20,202,10.16
1680,11,45,2025-06-01,2025-06-25,288,30.33
1681,13,24,2025-06-01,2025-07-15,140,303.05
1682,14,69,2025-06-01,2025-07-11,15,165.66
1683,8,109,2025-06-02,2025-06-11,228,68.47
1684,8,111,2025-06-02,2025-06-09,170,6.28
1685,9,41,2025-06-02,2025-06-30,47,251.47
1686,14,73,2025-06-03,2025-07-13,113,280.11
1687,7,76,2025-06-04,2025-07-21,12,4182.82
1688,9,42,2025-06-04,2025-07-01,59,48.42
1689,8,111,2025-06-05,2025-06-12,74,5.97
1690,18,118,2025-06-05,2025-06-12,193,8.31
1691,21,119,2025-06-05,2025-06-15,225,12.09
1692,23,63,2025-06-05,2025-07-14,25,1117.86
1693,20,26,2025-06-06,2025-07-23,29,1223.55
1694,21,117,2025-06-06,2025-06-18,281,89.76
1695,8,108,2025-06-08,2025-06-18,231,55.89
1696,19,99,2025-06-08,2025-06-24,1888,9.5
1697,14,41,2025-06-09,2025-07-07,76,273.83
1698,3,94,2025-06-10,2025-06-24,1974,19.46
1699,5,67,2025-06-10,2025-07-16,69,1188.54
1700,7,79,2025-06-10,2025-07-27,1,231.86
1701,8,120,2025-06-10,2025-06-21,284,8.07
1702,21,107,2025-06-10,2025-06-20,13,11.24
1703,3,10,2025-06-11,2025-06-28,95,129.87
1704,8,110,2025-06-11,2025-06-20,95,7.54
1705,10,104,2025-06-11,2025-06-27,506,24.06
1706,4,86,2025-06-12,2025-08-02,23,1374.87
1707,4,78,2025-06-12,2025-08-01,21,3814.43
1708,8,109,2025-06-12,2025-06-26,103,63.74
1709,9,38,2025-06-12,2025-07-11,7,200.54
1710,21,117,2025-06-12,2025-06-20,436,95.39
1711,7,87,2025-06-13,2025-07-30,2,4226.66
1712,10,60,2025-06-13,2025-07-11,10,874.0
1713,13,27,2025-06-13,2025-07-26,101,104.74
1714,6,40,2025-06-14,2025-07-14,31,27.77
1715,9,45,2025-06-14,2025-07-12,571,30.79
1716,12,88,2025-06-14,2025-08-03,32,2535.37
1717,21,114,2025-06-14,2025-06-25,148,72.95
1718,3,4,2025-06-15,2025-07-03,761,271.71
1719,9,34,2025-06-15,2025-07-09,117,404.02
1720,5,75,2025-06-16,2025-07-27,6,970.2
1721,12,90,2025-06-16,2025-08-05,43,2643.16
1722,23,68,2025-06-16,2025-07-30,27,1191.81
1723,24,44,2025-06-16,2025-07-17,242,45.42
1724,4,100,2025-06-17,2025-07-02,5091,4.42
1725,9,43,2025-06-17,2025-07-13,119,521.93
1726,13,19,2025-06-17,2025-08-02,53,926.49
1727,23,75,2025-06-17,2025-07-29,16,989.08
1728,9,42,2025-06-18,2025-07-14,81,50.04
1729,4,99,2025-06-19,2025-07-01,2504,9.47
1730,5,48,2025-06-19,2025-07-22,68,154.81
1731,8,118,2025-06-19,2025-07-02,199,8.21
1732,17,26,2025-06-19,2025-08-01,52,1292.53
1733,15,24,2025-06-21,2025-08-04,26,318.01
1734,19,99,2025-06-21,2025-07-05,3075,9.62
1735,8,116,2025-06-22,2025-07-06,82,7.81
1736,9,32,2025-06-22,2025-07-19,294,252.02
1737,12,82,2025-06-22,2025-08-11,33,294.41
1738,8,108,2025-06-23,2025-07-03,970,53.27
1739,9,42,2025-06-23,2025-07-21,33,46.99
1740,3,100,2025-06-24,2025-07-08,1626,4.58
1741,4,97,2025-06-24,2025-07-10,2739,9.99
1742,4,88,2025-06-24,2025-08-16,39,2792.65
1743,13,102,2025-06-24,2025-07-09,1148,4.93
1744,17,25,2025-06-24,2025-08-07,79,137.25
1745,19,94,2025-06-24,2025-07-08,6484,18.61
1746,6,39,2025-06-25,2025-07-25,9,67.99
1747,18,111,2025-06-25,2025-07-04,56,6.62
1748,18,111,2025-06-25,2025-07-06,499,5.97
1749,19,5,2025-06-25,2025-07-13,181,23.69
1750,3,1,2025-06-26,2025-07-12,98,62.57
1751,12,79,2025-06-26,2025-08-18,11,215.92
1752,16,51,2025-06-26,2025-07-29,8,167.74
1753,20,16,2025-06-26,2025-08-13,96,65.16
1754,16,48,2025-06-27,2025-07-30,71,157.24
1755,18,109,2025-06-27,2025-07-05,129,67.85
1756,23,119,2025-06-27,2025-07-05,98,12.6
1757,8,107,2025-06-28,2025-07-05,264,10.79
1758,20,19,2025-06-28,2025-08-10,137,922.7
1759,8,113,2025-06-29,2025-07-05,254,8.54
1760,12,5,2025-06-29,2025-07-19,259,24.38
1761,4,96,2025-06-30,2025-07-18,1969,6.87
1762,15,28,2025-06-30,2025-08-10,17,68.7
1763,19,91,2025-06-30,2025-07-13,2488,1.07
1764,24,33,2025-07-01,2025-07-30,7,426.18
1765,8,119,2025-07-02,2025-07-10,157,12.47
1766,9,42,2025-07-02,2025-07-30,77,47.28
1767,11,35,2025-07-02,2025-07-30,221,117.74
1768,11,41,2025-07-02,2025-07-29,55,265.6
1769,12,10,2025-07-02,2025-07-23,51,125.13
1770,16,56,2025-07-02,2025-08-04,29,135.95
1771,9,36,2025-07-03,2025-07-31,18,62.56
1772,12,77,2025-07-03,2025-08-25,24,523.58
1773,2,79,2025-07-04,2025-08-20,19,216.76
1774,3,10,2025-07-04,2025-07-27,184,139.1
1775,8,111,2025-07-04,2025-07-19,1227,6.37
1776,9,36,2025-07-04,2025-08-07,189,61.4
1777,10,49,2025-07-04,2025-08-09,30,634.11
1778,11,20,2025-07-04,2025-08-20,14,773.38
1779,20,19,2025-07-04,2025-08-20,41,875.52
1780,20,30,2025-07-04,2025-08-23,82,1534.95
1781,5,66,2025-07-05,2025-08-15,32,1614.76
1782,12,7,2025-07-05,2025-07-26,1527,20.43
1783,12,10,2025-07-05,2025-07-25,195,127.84
1784,14,38,2025-07-05,2025-08-07,132,201.72
1785,24,34,2025-07-05,2025-08-02,60,399.98
1786,4,105,2025-07-06,2025-07-20,692,5.2
1787,8,110,2025-07-06,2025-07-18,33,7.07
1788,9,35,2025-07-06,2025-08-06,228,117.09
1789,14,63,2025-07-06,2025-08-15,13,1084.09
1790,20,28,2025-07-06,2025-08-20,33,73.64
1791,21,106,2025-07-06,2025-07-21,823,11.44
1792,24,35,2025-07-06,2025-08-05,22,123.35
1793,2,82,2025-07-07,2025-08-26,21,280.16
1794,13,100,2025-07-07,2025-07-21,1115,4.78
1795,13,22,2025-07-07,2025-08-21,25,1296.44
1796,6,33,2025-07-08,2025-08-05,57,433.94
1797,12,7,2025-07-08,2025-07-29,115,22.7
1798,21,110,2025-07-08,2025-07-17,121,6.68
1799,23,117,2025-07-08,2025-07-15,305,93.4
1800,6,36,2025-07-09,2025-08-09,143,62.8
1801,7,86,2025-07-09,2025-09-04,6,1338.37
1802,14,34,2025-07-09,2025-08-10,17,428.13
1803,19,14,2025-07-09,2025-08-02,289,291.8
1804,20,28,2025-07-09,2025-08-20,89,72.33
1805,23,66,2025-07-09,2025-08-15,24,1633.99
1806,8,120,2025-07-10,2025-07-20,72,8.8
1807,8,109,2025-07-10,2025-07-20,308,65.95
1808,20,29,2025-07-10,2025-08-28,52,238.55
1809,13,27,2025-07-11,2025-08-21,35,96.93
1810,6,32,2025-07-12,2025-08-09,64,268.22
1811,13,94,2025-07-12,2025-07-28,4266,19.0
1812,18,110,2025-07-12,2025-07-20,200,6.69
1813,16,60,2025-07-13,2025-08-17,29,872.51
1814,21,112,2025-07-13,2025-07-26,236,34.55
1815,23,73,2025-07-14,2025-08-24,23,271.21
1816,3,7,2025-07-15,2025-08-06,121,21.61
1817,10,100,2025-07-15,2025-07-29,851,4.53
1818,11,25,2025-07-15,2025-08-29,51,142.42
1819,13,17,2025-07-15,2025-08-30,57,382.97
1820,13,91,2025-07-15,2025-08-04,633,1.05
1821,8,106,2025-07-16,2025-07-29,269,10.7
1822,9,39,2025-07-16,2025-08-13,129,71.86
1823,16,60,2025-07-16,2025-08-14,5,823.3
1824,18,115,2025-07-16,2025-07-26,512,14.02
1825,8,115,2025-07-17,2025-07-30,198,13.9
1826,12,9,2025-07-17,2025-08-09,157,36.74
1827,13,18,2025-07-17,2025-09-03,30,203.67
1828,19,91,2025-07-17,2025-08-03,2317,1.13
1829,24,35,2025-07-17,2025-08-14,106,117.62
1830,8,109,2025-07-18,2025-07-27,65,69.67
1831,19,3,2025-07-18,2025-08-11,126,221.91
1832,24,45,2025-07-18,2025-08-15,60,29.61
1833,7,85,2025-07-19,2025-09-05,10,4440.42
1834,9,35,2025-07-19,2025-08-14,58,125.3
1835,17,17,2025-07-19,2025-09-02,10,352.04
1836,18,108,2025-07-19,2025-07-28,507,54.57
1837,2,89,2025-07-20,2025-09-08,6,903.74
1838,7,76,2025-07-20,2025-09-08,32,4404.01
1839,8,112,2025-07-20,2025-07-31,144,32.05
1840,16,47,2025-07-20,2025-08-26,35,140.16
1841,2,90,2025-07-21,2025-09-12,26,2471.81
1842,23,119,2025-07-21,2025-07-31,284,12.29
1843,5,56,2025-07-22,2025-08-29,87,141.43
1844,9,45,2025-07-22,2025-08-19,37,31.12
1845,1,89,2025-07-23,2025-09-10,45,855.96
1846,4,97,2025-07-23,2025-08-09,257,9.67
1847,19,99,2025-07-23,2025-08-05,2766,9.72
1848,12,7,2025-07-24,2025-08-14,43,22.52
1849,16,52,2025-07-24,2025-08-26,15,232.34
1850,23,67,2025-07-24,2025-09-06,14,1227.04
1851,24,33,2025-07-24,2025-08-24,80,398.38
1852,3,4,2025-07-25,2025-08-16,83,300.7
1853,8,116,2025-07-25,2025-08-04,1967,7.66
1854,8,119,2025-07-25,2025-07-31,325,12.57
1855,18,107,2025-07-25,2025-07-30,287,10.32
1856,23,118,2025-07-25,2025-08-02,184,8.05
1857,19,104,2025-07-27,2025-08-11,744,25.64
1858,20,30,2025-07-27,2025-09-07,31,1407.6
1859,19,15,2025-07-28,2025-08-17,146,31.05
1860,19,94,2025-07-28,2025-08-11,1494,17.98
1861,6,41,2025-07-29,2025-08-27,23,244.08
1862,19,102,2025-07-29,2025-08-08,546,4.57
1863,12,89,2025-07-30,2025-09-15,14,898.63
1864,7,82,2025-07-31,2025-09-20,18,301.28
1865,23,115,2025-07-31,2025-08-11,602,14.01
1866,12,77,2025-08-01,2025-09-20,19,499.87
1867,4,76,2025-08-02,2025-09-23,16,4442.88
1868,4,89,2025-08-02,2025-09-17,23,931.0
1869,19,101,2025-08-02,2025-08-15,2051,3.93
1870,6,41,2025-08-03,2025-08-28,43,254.79
1871,8,112,2025-08-03,2025-08-13,137,32.81
1872,19,5,2025-08-03,2025-08-26,40,24.19
1873,24,44,2025-08-03,2025-08-28,84,45.2
1874,9,37,2025-08-04,2025-08-31,179,266.13
1875,14,69,2025-08-04,2025-09-14,2,161.84
1876,15,17,2025-08-04,2025-09-16,182,373.56
1877,21,114,2025-08-04,2025-08-14,641,69.65
1878,23,64,2025-08-04,2025-09-15,88,715.57
1879,4,85,2025-08-05,2025-09-25,3,4815.95
1880,6,45,2025-08-05,2025-08-30,110,31.99
1881,9,34,2025-08-05,2025-09-03,26,428.17
1882,17,16,2025-08-05,2025-09-19,239,68.87
1883,14,34,2025-08-06,2025-09-03,80,417.36
1884,24,41,2025-08-06,2025-09-03,75,245.96
1885,5,57,2025-08-07,2025-09-12,11,88.61
1886,8,120,2025-08-07,2025-08-14,138,8.19
1887,24,40,2025-08-07,2025-08-28,243,27.94
1888,23,67,2025-08-08,2025-09-16,2,1183.06
1889,24,41,2025-08-08,2025-09-05,68,246.25
1890,4,83,2025-08-09,2025-09-29,18,333.21
1891,4,97,2025-08-09,2025-08-23,1366,9.15
1892,14,35,2025-08-09,2025-09-06,99,116.86
1893,8,110,2025-08-10,2025-08-22,320,6.65
1894,8,119,2025-08-10,2025-08-20,124,12.85
1895,4,98,2025-08-11,2025-08-26,7515,23.96
1896,13,16,2025-08-11,2025-09-28,62,66.17
1897,19,5,2025-08-11,2025-08-26,88,23.24
1898,21,112,2025-08-11,2025-08-22,71,33.13
1899,22,5,2025-08-11,2025-09-01,323,24.78
1900,24,41,2025-08-11,2025-09-09,68,259.78
1901,24,31,2025-08-11,2025-09-08,108,417.59
1902,23,113,2025-08-13,2025-08-19,79,7.93
1903,8,114,2025-08-14,2025-08-23,160,73.07
1904,13,92,2025-08-14,2025-08-28,1864,1.61
1905,18,108,2025-08-14,2025-08-27,181,51.96
1906,20,16,2025-08-14,2025-09-27,49,70.38
1907,4,82,2025-08-15,2025-10-02,3,279.19
1908,18,111,2025-08-15,2025-08-24,62,6.47
1909,5,58,2025-08-16,2025-09-24,54,173.87
1910,14,73,2025-08-16,2025-09-27,13,271.75
1911,19,102,2025-08-16,2025-08-30,8254,4.76
1912,8,114,2025-08-17,2025-08-28,326,73.26
1913,8,110,2025-08-17,2025-08-25,24,7.31
1914,8,110,2025-08-17,2025-08-26,171,6.75
1915,13,16,2025-08-17,2025-10-04,39,66.85
1916,16,50,2025-08-17,2025-09-21,7,1572.09
1917,21,106,2025-08-17,2025-08-28,251,11.14
1918,24,36,2025-08-17,2025-09-15,29,61.98
1919,6,36,2025-08-18,2025-09-16,56,56.89
1920,12,6,2025-08-18,2025-09-11,192,96.35
1921,17,30,2025-08-18,2025-10-04,71,1474.28
1922,24,38,2025-08-18,2025-09-16,44,181.87
1923,24,33,2025-08-18,2025-09-18,103,445.9
1924,8,118,2025-08-19,2025-09-03,175,8.65
1925,9,32,2025-08-19,2025-09-14,179,256.47
1926,4,89,2025-08-20,2025-10-04,13,904.31
1927,7,84,2025-08-20,2025-10-10,7,805.59
1928,19,15,2025-08-20,2025-09-09,124,33.89
1929,24,35,2025-08-20,2025-09-15,109,119.9
1930,3,5,2025-08-21,2025-09-12,101,22.86
1931,6,41,2025-08-21,2025-09-22,101,244.04
1932,2,88,2025-08-22,2025-10-13,14,2715.66
1933,4,95,2025-08-22,2025-09-10,664,2.34
1934,5,61,2025-08-22,2025-09-27,8,146.36
1935,14,42,2025-08-22,2025-09-20,36,51.76
1936,17,66,2025-08-22,2025-10-05,17,1607.89
1937,23,71,2025-08-22,2025-09-29,26,2305.62
1938,23,71,2025-08-22,2025-09-28,66,2513.38
1939,23,109,2025-08-22,2025-08-30,138,71.99
1940,24,45,2025-08-22,2025-09-20,73,32.36
1941,8,115,2025-08-23,2025-09-04,62,14.41
1942,10,50,2025-08-23,2025-09-26,39,1676.24
1943,23,113,2025-08-23,2025-09-01,97,8.3
1944,5,72,2025-08-24,2025-10-03,5,376.96
1945,5,69,2025-08-25,2025-10-03,82,157.06
1946,8,110,2025-08-25,2025-09-03,56,6.68
1947,5,57,2025-08-26,2025-09-28,5,83.36
1948,23,64,2025-08-26,2025-10-07,17,698.56
1949,24,40,2025-08-26,2025-09-19,74,29.72
1950,11,16,2025-08-27,2025-10-11,101,67.9
1951,18,110,2025-08-27,2025-09-05,124,7.48
1952,19,105,2025-08-27,2025-09-14,1395,5.72
1953,19,104,2025-08-27,2025-09-10,4420,26.21
1954,23,110,2025-08-27,2025-09-06,743,7.48
1955,23,75,2025-08-27,2025-10-05,17,986.51
1956,4,86,2025-08-28,2025-10-19,45,1419.96
1957,6,34,2025-08-28,2025-09-25,52,437.94
1958,17,26,2025-08-28,2025-10-12,22,1285.64
1959,19,14,2025-08-28,2025-09-16,199,309.43
1960,19,6,2025-08-29,2025-09-17,101,92.39
1961,3,14,2025-08-30,2025-09-20,47,296.44
1962,9,42,2025-08-30,2025-09-27,102,48.98
1963,14,39,2025-08-30,2025-09-25,104,74.31
1964,21,115,2025-08-31,2025-09-17,95,13.16
1965,23,72,2025-08-31,2025-10-10,57,403.35
1966,23,61,2025-08-31,2025-10-09,57,159.93
1967,19,6,2025-09-01,2025-09-24,76,94.62
1968,6,32,2025-09-02,2025-09-30,98,265.0
1969,9,32,2025-09-02,2025-09-30,276,270.47
1970,12,90,2025-09-02,2025-10-23,30,2565.84
1971,17,23,2025-09-02,2025-10-17,42,160.59
1972,8,116,2025-09-03,2025-09-09,328,7.63
1973,21,120,2025-09-03,2025-09-08,314,8.32
1974,4,83,2025-09-04,2025-10-23,37,321.88
1975,4,85,2025-09-04,2025-10-24,20,4833.91
1976,4,92,2025-09-04,2025-09-17,950,1.56
1977,14,40,2025-09-04,2025-10-04,63,29.64
1978,16,54,2025-09-04,2025-10-08,58,2282.76
1979,23,117,2025-09-04,2025-09-13,270,97.88
1980,24,36,2025-09-04,2025-10-02,61,57.2
1981,4,96,2025-09-05,2025-09-19,1452,7.0
1982,5,56,2025-09-05,2025-10-09,10,132.34
1983,9,40,2025-09-05,2025-10-02,81,28.09
1984,14,44,2025-09-06,2025-10-02,89,44.19
1985,14,72,2025-09-06,2025-10-15,32,388.45
1986,2,83,2025-09-07,2025-11-01,24,314.74
1987,2,79,2025-09-07,2025-10-25,13,221.98
1988,5,67,2025-09-07,2025-10-14,57,1194.34
1989,9,45,2025-09-07,2025-10-04,144,29.61
1990,8,112,2025-09-08,2025-09-17,368,35.07
1991,12,77,2025-09-08,2025-10-28,5,512.3
1992,13,93,2025-09-08,2025-09-22,6241,20.59
1993,19,2,2025-09-08,2025-09-21,126,16.97
1994,23,75,2025-09-08,2025-10-16,22,921.97
1995,23,65,2025-09-08,2025-10-18,8,198.99
1996,24,41,2025-09-09,2025-10-08,172,250.4
1997,9,40,2025-09-10,2025-10-09,46,29.62
1998,8,116,2025-09-11,2025-09-17,372,7.64
1999,12,15,2025-09-11,2025-10-06,159,32.43
2000,19,104,2025-09-11,2025-09-25,334,24.76
2001,12,86,2025-09-12,2025-11-01,39,1330.05
2002,16,46,2025-09-12,2025-10-14,82,1344.93
2003,4,102,2025-09-13,2025-09-27,4319,5.14
2004,7,80,2025-09-13,2025-11-01,10,1247.97
2005,9,40,2025-09-13,2025-10-14,48,28.72
2006,12,13,2025-09-13,2025-10-03,94,21.51
2007,4,103,2025-09-14,2025-09-28,1269,11.83
2008,7,81,2025-09-15,2025-10-29,12,1516.76
2009,8,110,2025-09-15,2025-09-25,104,7.13
2010,14,39,2025-09-15,2025-10-13,163,74.74
2011,14,37,2025-09-16,2025-10-18,196,264.77
2012,23,72,2025-09-16,2025-10-23,22,392.79
2013,9,34,2025-09-17,2025-10-15,48,416.62
2014,19,13,2025-09-18,2025-10-08,118,22.05
2015,20,21,2025-09-18,2025-11-02,21,175.07
2016,24,40,2025-09-18,2025-10-18,61,27.04
2017,19,1,2025-09-19,2025-10-10,117,64.51
2018,20,22,2025-09-19,2025-11-05,164,1297.27
2019,24,32,2025-09-19,2025-10-14,297,262.08
2020,1,80,2025-09-20,2025-11-11,17,1240.36
2021,13,97,2025-09-20,2025-10-03,3034,9.49
2022,6,38,2025-09-21,2025-10-16,49,192.73
2023,12,87,2025-09-21,2025-11-08,33,3934.86
2024,5,65,2025-09-22,2025-10-31,36,207.88
2025,6,39,2025-09-22,2025-10-15,85,68.05
2026,16,54,2025-09-22,2025-10-27,20,2166.18
2027,19,103,2025-09-22,2025-10-06,588,11.82
2028,20,26,2025-09-22,2025-11-11,18,1192.02
2029,24,34,2025-09-22,2025-10-20,150,449.32
2030,7,90,2025-09-23,2025-11-14,14,2660.21
2031,8,107,2025-09-23,2025-10-10,231,10.35
2032,9,34,2025-09-23,2025-10-22,29,442.13
2033,21,106,2025-09-23,2025-10-03,77,11.05
2034,4,94,2025-09-24,2025-10-06,1306,19.68
2035,16,53,2025-09-24,2025-10-27,64,1115.53
2036,4,88,2025-09-25,2025-11-14,39,2556.73
2037,8,120,2025-09-25,2025-10-06,214,8.42
2038,8,110,2025-09-25,2025-10-01,221,6.68
2039,13,27,2025-09-25,2025-11-05,393,101.56
2040,14,62,2025-09-25,2025-10-30,9,586.05
2041,24,32,2025-09-25,2025-10-26,67,255.44
2042,8,118,2025-09-26,2025-10-08,163,8.84
2043,9,36,2025-09-26,2025-10-29,207,56.36
2044,14,67,2025-09-26,2025-11-05,6,1093.71
2045,24,32,2025-09-26,2025-10-23,71,261.47
2046,14,39,2025-09-27,2025-10-25,559,72.84
2047,19,2,2025-09-27,2025-10-18,251,17.32
2048,19,1,2025-09-27,2025-10-22,66,65.45
2049,12,84,2025-09-28,2025-11-20,10,768.87
2050,18,110,2025-09-28,2025-10-08,347,6.75
2051,24,43,2025-09-28,2025-10-27,492,494.54
2052,5,75,2025-09-29,2025-11-08,83,907.9
2053,9,44,2025-09-30,2025-10-28,93,46.74
2054,7,90,2025-10-01,2025-11-18,9,2648.03
2055,8,113,2025-10-01,2025-10-12,228,8.54
2056,23,64,2025-10-01,2025-11-07,8,740.34
2057,10,54,2025-10-02,2025-11-03,29,2394.58
2058,12,77,2025-10-02,2025-11-17,20,529.63
2059,20,22,2025-10-02,2025-11-14,78,1375.37
2060,2,85,2025-10-03,2025-11-22,43,4327.04
2061,9,43,2025-10-03,2025-10-30,364,521.72
2062,19,13,2025-10-03,2025-10-24,109,20.66
2063,12,79,2025-10-04,2025-11-17,4,223.74
2064,24,43,2025-10-04,2025-11-03,97,478.93
2065,23,107,2025-10-05,2025-10-19,55,10.62
2066,3,98,2025-10-06,2025-10-22,800,25.14
2067,8,106,2025-10-06,2025-10-18,57,11.38
2068,9,40,2025-10-06,2025-11-03,87,26.69
2069,9,33,2025-10-06,2025-11-02,61,406.75
2070,24,31,2025-10-06,2025-11-06,128,409.41
2071,9,40,2025-10-07,2025-10-31,38,29.15
2072,23,72,2025-10-07,2025-11-18,11,367.46
2073,7,90,2025-10-08,2025-11-26,21,2663.71
2074,23,64,2025-10-08,2025-11-14,19,753.77
2075,23,75,2025-10-08,2025-11-16,35,931.48
2076,24,34,2025-10-08,2025-11-04,91,423.28
2077,3,13,2025-10-09,2025-10-30,173,20.31
2078,8,110,2025-10-09,2025-10-20,223,7.51
2079,11,37,2025-10-09,2025-11-12,154,263.07
2080,23,75,2025-10-09,2025-11-16,94,959.47
2081,10,60,2025-10-10,2025-11-13,71,819.25
2082,19,94,2025-10-11,2025-10-26,2507,19.17
2083,21,109,2025-10-11,2025-10-21,221,68.02
2084,24,40,2025-10-11,2025-11-09,68,27.4
2085,24,41,2025-10-11,2025-11-08,36,247.15
2086,20,19,2025-10-12,2025-11-22,459,839.81
2087,4,84,2025-10-13,2025-12-02,36,804.3
2088,8,114,2025-10-13,2025-10-18,89,71.99
2089,8,110,2025-10-13,2025-10-22,244,7.46
2090,14,62,2025-10-13,2025-11-22,44,572.0
2091,16,47,2025-10-13,2025-11-19,33,134.57
2092,16,58,2025-10-13,2025-11-17,83,187.96
2093,9,36,2025-10-14,2025-11-14,76,61.9
2094,9,45,2025-10-14,2025-11-12,65,30.5
2095,23,65,2025-10-14,2025-11-23,18,188.74
2096,12,15,2025-10-15,2025-11-02,441,31.93
2097,14,65,2025-10-15,2025-11-24,24,212.15
2098,6,36,2025-10-16,2025-11-07,173,62.54
2099,9,43,2025-10-16,2025-11-14,79,489.62
2100,14,75,2025-10-16,2025-12-01,32,989.43
2101,14,70,2025-10-16,2025-11-28,75,162.09
2102,5,64,2025-10-17,2025-11-25,21,715.33
2103,8,120,2025-10-17,2025-10-27,169,8.77
2104,23,107,2025-10-17,2025-10-29,62,10.71
2105,2,90,2025-10-18,2025-12-10,9,2380.62
2106,6,34,2025-10-18,2025-11-15,48,436.58
2107,8,114,2025-10-18,2025-10-28,678,73.77
2108,19,10,2025-10-18,2025-11-09,145,130.94
2109,20,25,2025-10-18,2025-11-30,109,142.72
2110,23,107,2025-10-18,2025-10-27,224,11.41
2111,23,106,2025-10-18,2025-10-27,478,11.37
2112,2,85,2025-10-19,2025-12-12,39,4580.17
2113,8,113,2025-10-19,2025-10-30,1454,8.52
2114,8,113,2025-10-19,2025-10-26,1599,7.99
2115,8,109,2025-10-20,2025-10-30,139,72.01
2116,9,45,2025-10-20,2025-11-13,371,30.03
2117,16,55,2025-10-21,2025-11-29,141,482.01
2118,19,105,2025-10-21,2025-11-07,2578,5.22
2119,14,33,2025-10-22,2025-11-22,77,446.83
2120,19,104,2025-10-22,2025-11-05,940,24.26
2121,4,87,2025-10-23,2025-12-14,11,4268.56
2122,5,74,2025-10-23,2025-12-02,7,568.72
2123,6,31,2025-10-23,2025-11-20,117,438.98
2124,18,109,2025-10-23,2025-10-30,172,63.88
2125,8,117,2025-10-24,2025-10-29,183,98.62
2126,9,33,2025-10-24,2025-11-24,84,443.02
2127,9,36,2025-10-24,2025-11-24,127,62.67
2128,9,39,2025-10-24,2025-11-21,44,71.8
2129,19,6,2025-10-24,2025-11-17,120,88.55
2130,23,69,2025-10-24,2025-12-03,7,150.55
2131,8,115,2025-10-25,2025-11-08,315,13.4
2132,8,109,2025-10-25,2025-11-01,44,69.94
2133,19,105,2025-10-25,2025-11-09,911,5.44
2134,9,38,2025-10-26,2025-11-21,76,193.85
2135,9,36,2025-10-26,2025-11-23,224,59.64
2136,11,28,2025-10-26,2025-12-11,164,70.04
2137,2,76,2025-10-27,2025-12-15,9,4487.09
2138,23,72,2025-10-28,2025-12-06,13,386.41
2139,23,70,2025-10-28,2025-12-03,13,164.5
2140,16,57,2025-10-29,2025-11-29,10,83.0
2141,21,118,2025-10-29,2025-11-08,109,8.9
2142,8,115,2025-10-30,2025-11-09,109,13.85
2143,13,95,2025-10-30,2025-11-12,273,2.41
2144,23,64,2025-10-30,2025-12-09,11,695.64
2145,12,6,2025-10-31,2025-11-15,76,88.26
2146,13,94,2025-10-31,2025-11-13,1685,18.25
2147,14,71,2025-10-31,2025-12-11,6,2272.21
2148,2,86,2025-11-01,2025-12-22,25,1323.54
2149,18,109,2025-11-01,2025-11-16,114,72.3
2150,24,32,2025-11-01,2025-11-29,77,272.68
2151,8,115,2025-11-02,2025-11-07,914,13.52
2152,13,99,2025-11-02,2025-11-15,3616,9.92
2153,14,41,2025-11-02,2025-11-27,271,251.52
2154,19,101,2025-11-02,2025-11-13,1291,3.8
2155,16,47,2025-11-03,2025-12-14,24,143.24
2156,5,50,2025-11-04,2025-12-06,11,1600.53
2157,7,88,2025-11-04,2025-12-23,29,2818.38
2158,8,108,2025-11-04,2025-11-10,122,54.24
2159,20,19,2025-11-04,2025-12-16,462,828.73
2160,8,111,2025-11-05,2025-11-13,70,6.28
2161,9,39,2025-11-05,2025-12-01,50,68.89
2162,7,84,2025-11-06,2025-12-27,4,813.14
2163,10,55,2025-11-06,2025-12-08,71,434.86
2164,11,16,2025-11-06,2025-12-22,62,66.49
2165,12,4,2025-11-06,2025-11-29,181,277.37
2166,19,14,2025-11-06,2025-11-27,71,311.49
2167,23,68,2025-11-06,2025-12-20,6,1196.84
2168,24,39,2025-11-07,2025-12-04,54,70.66
2169,13,23,2025-11-08,2025-12-23,120,148.88
2170,14,45,2025-11-08,2025-12-09,85,30.51
2171,23,69,2025-11-08,2025-12-16,15,159.27
2172,8,108,2025-11-09,2025-11-18,218,53.7
2173,21,113,2025-11-09,2025-11-19,126,7.8
2174,9,34,2025-11-10,2025-12-09,44,412.76
2175,13,25,2025-11-10,2025-12-24,30,135.6
2176,14,64,2025-11-10,2025-12-18,231,751.08
2177,16,55,2025-11-10,2025-12-14,52,461.62
2178,5,57,2025-11-12,2025-12-18,32,90.62
2179,7,84,2025-11-12,2025-12-31,10,776.25
2180,9,33,2025-11-12,2025-12-09,226,442.46
2181,10,101,2025-11-12,2025-11-26,904,3.93
2182,14,61,2025-11-12,2025-12-22,57,160.01
2183,14,66,2025-11-12,2025-12-18,64,1572.59
2184,2,79,2025-11-13,2026-01-03,5,212.53
2185,4,77,2025-11-13,2025-12-25,39,500.53
2186,5,73,2025-11-13,2025-12-20,31,299.32
2187,14,66,2025-11-13,2025-12-23,15,1595.87
2188,5,55,2025-11-15,2025-12-17,17,478.46
2189,8,112,2025-11-15,2025-11-24,118,33.86
2190,8,106,2025-11-15,2025-11-26,165,10.75
2191,8,110,2025-11-15,2025-11-25,481,7.43
2192,5,52,2025-11-16,2025-12-21,19,222.13
2193,19,13,2025-11-16,2025-12-07,141,22.68
2194,2,82,2025-11-17,2026-01-08,10,277.6
2195,14,31,2025-11-17,2025-12-17,42,398.47
2196,15,27,2025-11-17,2026-01-02,86,102.17
2197,5,52,2025-11-18,2025-12-26,3,250.53
2198,12,5,2025-11-18,2025-12-13,177,25.54
2199,13,30,2025-11-18,2026-01-01,40,1526.26
2200,20,19,2025-11-18,2026-01-02,70,884.77
2201,4,92,2025-11-19,2025-12-08,8008,1.56
2202,6,41,2025-11-19,2025-12-18,83,273.61
2203,19,97,2025-11-19,2025-12-04,3614,9.13
2204,5,54,2025-11-20,2025-12-25,39,2246.42
2205,16,59,2025-11-20,2025-12-25,11,133.35
2206,16,51,2025-11-20,2025-12-27,56,164.66
2207,16,58,2025-11-20,2025-12-26,14,179.39
2208,19,14,2025-11-20,2025-12-12,46,295.15
2209,23,65,2025-11-20,2025-12-29,74,196.43
2210,5,62,2025-11-21,2025-12-30,7,538.23
2211,8,112,2025-11-21,2025-11-30,435,34.1
2212,23,114,2025-11-21,2025-11-29,64,69.26
2213,8,117,2025-11-22,2025-11-30,253,93.45
2214,8,120,2025-11-22,2025-12-02,228,8.44
2215,8,109,2025-11-22,2025-12-01,284,64.1
2216,8,115,2025-11-22,2025-12-02,62,14.07
2217,9,42,2025-11-22,2025-12-20,232,48.14
2218,14,65,2025-11-22,2025-12-31,47,212.9
2219,16,47,2025-11-22,2025-12-26,8,132.01
2220,1,88,2025-11-23,2026-01-12,4,2563.79
2221,8,118,2025-11-23,2025-12-04,74,8.3
2222,11,22,2025-11-23,2026-01-06,42,1285.06
2223,13,22,2025-11-23,2026-01-05,48,1315.92
2224,13,16,2025-11-23,2026-01-12,31,66.71
2225,8,115,2025-11-24,2025-12-02,303,12.78
2226,9,42,2025-11-25,2025-12-26,44,50.51
2227,19,7,2025-11-25,2025-12-17,214,22.99
2228,23,63,2025-11-25,2026-01-04,59,1138.73
2229,5,74,2025-11-26,2025-12-31,14,555.78
2230,7,79,2025-11-26,2026-01-18,11,207.11
2231,8,106,2025-11-26,2025-12-09,669,11.21
2232,12,82,2025-11-26,2026-01-15,20,276.59
2233,21,118,2025-11-26,2025-12-06,924,8.53
2234,23,118,2025-11-26,2025-12-05,279,9.0
2235,21,110,2025-11-27,2025-12-07,130,7.32
2236,4,92,2025-11-28,2025-12-09,391,1.6
2237,9,43,2025-11-28,2025-12-28,143,474.07
2238,24,40,2025-11-29,2025-12-31,43,27.41
2239,1,83,2025-12-01,2026-01-20,5,298.56
2240,10,94,2025-12-01,2025-12-14,978,19.79
2241,13,25,2025-12-01,2026-01-14,36,141.91
2242,23,70,2025-12-01,2026-01-11,46,145.63
2243,24,40,2025-12-01,2025-12-30,176,28.01
2244,8,113,2025-12-02,2025-12-13,323,8.24
2245,8,109,2025-12-02,2025-12-13,132,71.57
2246,12,85,2025-12-02,2026-01-27,30,4677.8
2247,19,104,2025-12-02,2025-12-15,2042,25.71
2248,19,9,2025-12-02,2025-12-23,63,39.45
2249,24,34,2025-12-02,2025-12-30,126,414.72
2250,8,114,2025-12-03,2025-12-14,1563,73.02
2251,24,34,2025-12-03,2025-12-24,54,439.56
2252,2,90,2025-12-04,2026-01-18,29,2631.26
2253,4,88,2025-12-04,2026-01-22,11,2549.97
2254,17,71,2025-12-04,2026-01-17,7,2453.1
2255,24,40,2025-12-04,2025-12-28,245,29.5
2256,2,77,2025-12-05,2026-01-19,7,518.81
2257,8,117,2025-12-05,2025-12-17,427,92.3
2258,9,39,2025-12-05,2026-01-01,64,70.84
2259,8,109,2025-12-06,2025-12-16,159,71.36
2260,14,67,2025-12-06,2026-01-08,14,1152.07
2261,12,83,2025-12-07,2026-01-26,10,306.03
2262,13,104,2025-12-07,2025-12-26,975,24.44
2263,18,120,2025-12-07,2025-12-21,174,7.92
2264,8,114,2025-12-08,2025-12-13,219,74.12
2265,8,119,2025-12-08,2025-12-16,212,12.39
2266,9,40,2025-12-08,2026-01-06,109,28.39
2267,11,28,2025-12-08,2026-01-22,93,67.11
2268,7,82,2025-12-09,2026-01-28,19,298.72
2269,9,39,2025-12-09,2026-01-09,108,71.2
2270,10,48,2025-12-09,2026-01-16,41,158.65
2271,13,18,2025-12-09,2026-01-21,242,189.29
2272,13,24,2025-12-09,2026-01-23,51,325.82
2273,16,57,2025-12-09,2026-01-14,13,87.8
2274,18,112,2025-12-09,2025-12-19,241,34.84
2275,24,40,2025-12-09,2026-01-06,82,27.25
2276,5,68,2025-12-10,2026-01-19,16,1181.7
2277,6,39,2025-12-10,2026-01-03,96,75.88
2278,8,106,2025-12-10,2025-12-20,291,11.22
2279,9,42,2025-12-10,2026-01-09,152,47.77
2280,17,63,2025-12-10,2026-01-21,35,1064.91
2281,1,83,2025-12-11,2026-01-28,5,334.8
2282,2,83,2025-12-11,2026-01-30,15,303.06
2283,6,41,2025-12-11,2026-01-06,39,257.32
2284,13,96,2025-12-11,2025-12-25,2679,7.37
2285,6,45,2025-12-12,2026-01-10,202,30.86
2286,19,2,2025-12-12,2026-01-02,93,15.7
2287,8,110,2025-12-13,2025-12-21,66,7.42
2288,8,115,2025-12-13,2025-12-23,452,12.82
2289,8,116,2025-12-13,2025-12-31,141,7.52
2290,16,48,2025-12-13,2026-01-20,14,144.38
2291,17,17,2025-12-13,2026-01-30,61,370.53
2292,23,71,2025-12-13,2026-01-22,14,2401.27
2293,4,88,2025-12-16,2026-02-03,48,2751.38
2294,9,34,2025-12-16,2026-01-13,86,445.41
2295,20,29,2025-12-16,2026-01-29,19,253.67
2296,23,113,2025-12-16,2025-12-31,265,8.59
2297,3,98,2025-12-17,2025-12-30,1948,25.06
2298,13,21,2025-12-17,2026-01-29,28,175.87
2299,18,109,2025-12-17,2025-12-31,69,70.62
2300,24,42,2025-12-17,2026-01-18,52,50.9
2301,7,81,2025-12-18,2026-02-03,16,1496.23
2302,8,114,2025-12-18,2025-12-26,621,68.79
2303,8,112,2025-12-19,2025-12-31,146,34.18
2304,9,32,2025-12-19,2026-01-14,51,271.24
2305,21,110,2025-12-19,2026-01-01,227,6.94
2306,24,32,2025-12-19,2026-01-21,47,245.05
2307,6,39,2025-12-21,2026-01-17,64,76.26
2308,8,113,2025-12-21,2025-12-31,395,7.78
2309,8,106,2025-12-21,2026-01-01,378,10.65
2310,12,81,2025-12-22,2026-02-10,13,1548.11
2311,11,38,2025-12-24,2026-01-22,291,195.15
2312,14,65,2025-12-24,2026-01-31,23,201.79
2313,20,17,2025-12-24,2026-02-04,42,352.33
2314,24,36,2025-12-24,2026-01-24,59,60.28
2315,3,93,2025-12-25,2026-01-05,1178,20.64
2316,5,53,2025-12-25,2026-01-30,16,1221.12
2317,6,34,2025-12-25,2026-01-25,92,429.15
2318,6,33,2025-12-25,2026-01-22,21,399.35
2319,8,110,2025-12-25,2026-01-02,250,7.48
2320,16,58,2025-12-25,2026-01-27,25,177.77
2321,17,72,2025-12-25,2026-02-03,21,415.83
2322,23,107,2025-12-25,2026-01-06,201,10.81
2323,24,37,2025-12-25,2026-01-26,91,266.29
2324,12,15,2025-12-26,2026-01-14,487,30.79
2325,13,30,2025-12-26,2026-02-12,6,1469.91
2326,21,111,2025-12-26,2026-01-07,518,6.25
2327,7,81,2025-12-27,2026-02-14,14,1479.58
2328,8,107,2025-12-27,2026-01-06,36,10.26
2329,8,110,2025-12-27,2026-01-06,217,7.05
2330,9,40,2025-12-27,2026-01-26,44,28.78
2331,14,31,2025-12-27,2026-01-25,41,398.68
2332,23,64,2025-12-27,2026-02-05,45,696.78
2333,12,10,2025-12-28,2026-01-22,717,125.16
2334,8,108,2025-12-29,2026-01-04,321,51.08
2335,12,89,2025-12-29,2026-02-17,39,889.85
2336,23,113,2025-12-29,2026-01-06,282,8.43
2337,24,32,2025-12-29,2026-01-28,143,249.69
2338,24,33,2025-12-29,2026-01-28,173,426.68
2339,24,41,2025-12-29,2026-01-25,111,250.92
2340,8,113,2025-12-30,2026-01-13,138,7.58
2341,8,106,2025-12-30,2026-01-12,592,11.29
2342,9,44,2025-12-30,2026-01-29,133,46.67
2343,16,50,2025-12-30,2026-01-28,74,1568.44
2344,6,42,2025-12-31,2026-01-25,53,47.28
2345,13,21,2025-12-31,2026-02-14,51,171.95
2346,14,68,2025-12-31,2026-02-10,5,1237.97
2347,16,56,2025-12-31,2026-02-03,62,138.82
2348,16,58,2025-12-31,2026-02-04,41,174.83
2349,21,118,2025-12-31,2026-01-09,268,8.91
2350,14,66,2026-01-01,2026-02-12,17,1630.97
2351,8,111,2026-01-02,2026-01-12,304,6.6
2352,8,111,2026-01-02,2026-01-12,173,6.43
2353,9,41,2026-01-02,2026-02-02,18,246.99
2354,4,78,2026-01-03,2026-02-25,7,3887.7
2355,8,108,2026-01-03,2026-01-13,227,55.44
2356,13,103,2026-01-03,2026-01-15,4159,11.79
2357,21,111,2026-01-03,2026-01-12,137,6.17
2358,3,100,2026-01-04,2026-01-14,2702,4.58
2359,4,100,2026-01-04,2026-01-18,903,4.82
2360,5,51,2026-01-04,2026-02-07,28,154.98
2361,8,118,2026-01-04,2026-01-12,277,8.6
2362,17,29,2026-01-04,2026-02-20,86,256.23
2363,18,117,2026-01-04,2026-01-11,111,92.26
2364,20,16,2026-01-04,2026-02-13,73,71.57
2365,24,44,2026-01-04,2026-02-03,51,47.91
2366,4,77,2026-01-05,2026-02-24,13,522.07
2367,8,106,2026-01-05,2026-01-16,287,10.45
2368,17,18,2026-01-05,2026-02-21,53,211.62
2369,19,102,2026-01-05,2026-01-19,1650,4.58
2370,9,37,2026-01-06,2026-02-03,48,263.4
2371,2,79,2026-01-07,2026-02-27,9,221.57
2372,8,108,2026-01-07,2026-01-17,214,57.46
2373,8,110,2026-01-07,2026-01-12,83,6.85
2374,23,71,2026-01-07,2026-02-16,27,2318.56
2375,2,81,2026-01-08,2026-02-21,2,1555.42
2376,8,120,2026-01-08,2026-01-20,347,7.75
2377,14,71,2026-01-08,2026-02-16,19,2524.62
2378,14,63,2026-01-08,2026-02-15,13,1034.41
2379,24,44,2026-01-08,2026-02-05,203,43.16
2380,2,86,2026-01-09,2026-02-21,17,1393.18
2381,8,108,2026-01-09,2026-01-19,144,53.81
2382,8,110,2026-01-09,2026-01-19,714,7.21
2383,9,33,2026-01-09,2026-02-06,30,396.15
2384,13,29,2026-01-09,2026-02-25,16,251.83
2385,15,21,2026-01-09,2026-02-23,274,167.94
2386,20,18,2026-01-09,2026-02-19,217,193.08
2387,24,36,2026-01-09,2026-02-08,31,57.98
2388,7,86,2026-01-10,2026-03-01,20,1392.77
2389,11,25,2026-01-10,2026-02-23,43,141.32
2390,5,69,2026-01-11,2026-02-16,54,157.08
2391,11,43,2026-01-11,2026-02-08,157,480.97
2392,14,61,2026-01-11,2026-02-20,31,144.99
2393,19,9,2026-01-11,2026-02-08,507,36.01
2394,9,37,2026-01-12,2026-02-13,42,289.06
2395,12,7,2026-01-12,2026-02-02,315,20.49
2396,8,119,2026-01-13,2026-01-21,139,11.75
2397,21,118,2026-01-13,2026-01-23,108,8.6
2398,11,34,2026-01-14,2026-02-15,83,415.75
2399,13,28,2026-01-14,2026-02-25,33,68.35
2400,18,113,2026-01-14,2026-01-26,190,7.59
2401,23,70,2026-01-14,2026-02-23,46,162.46
2402,9,39,2026-01-15,2026-02-08,37,69.69
2403,12,86,2026-01-15,2026-03-05,20,1470.29
2404,17,63,2026-01-15,2026-02-23,76,1036.24
2405,8,116,2026-01-16,2026-01-25,57,7.81
2406,16,59,2026-01-16,2026-02-22,10,120.82
2407,22,14,2026-01-16,2026-02-07,50,301.8
2408,8,111,2026-01-17,2026-01-27,191,5.97
2409,8,112,2026-01-17,2026-01-24,113,33.09
2410,9,44,2026-01-17,2026-02-17,192,47.6
2411,24,45,2026-01-17,2026-02-12,60,32.38
2412,10,53,2026-01-18,2026-02-22,13,1176.46
2413,11,41,2026-01-18,2026-02-14,62,261.16
2414,14,72,2026-01-18,2026-02-26,11,413.84
2415,19,98,2026-01-18,2026-01-29,1716,25.77
2416,8,111,2026-01-19,2026-01-29,60,6.35
2417,10,47,2026-01-19,2026-02-24,14,146.4
2418,23,72,2026-01-21,2026-02-27,19,399.36
2419,24,37,2026-01-21,2026-02-18,29,288.32
2420,15,18,2026-01-22,2026-03-08,118,208.03
2421,20,20,2026-01-22,2026-03-08,19,772.8
2422,9,44,2026-01-23,2026-02-18,58,44.54
2423,23,63,2026-01-23,2026-03-10,20,1124.96
2424,9,31,2026-01-24,2026-02-17,176,448.02
2425,6,32,2026-01-25,2026-02-21,171,259.96
2426,15,22,2026-01-25,2026-03-10,57,1320.27
2427,18,111,2026-01-25,2026-02-05,66,5.94
2428,20,30,2026-01-25,2026-03-11,54,1507.16
2429,23,71,2026-01-25,2026-03-08,10,2336.68
2430,9,34,2026-01-26,2026-02-23,151,402.57
2431,17,66,2026-01-26,2026-03-05,12,1562.23
2432,24,33,2026-01-26,2026-02-24,53,437.83
2433,8,108,2026-01-27,2026-02-06,75,53.96
2434,11,34,2026-01-27,2026-02-23,197,402.88
2435,12,76,2026-01-27,2026-03-25,47,4383.04
2436,23,74,2026-01-27,2026-03-08,30,510.52
2437,24,32,2026-01-27,2026-02-25,27,254.84
2438,4,102,2026-01-28,2026-02-10,2806,5.13
2439,8,116,2026-01-28,2026-02-09,47,7.98
2440,11,39,2026-01-28,2026-02-25,169,70.75
2441,12,89,2026-01-28,2026-03-22,12,946.78
2442,16,57,2026-01-28,2026-03-04,11,85.62
2443,23,72,2026-01-28,2026-03-11,35,406.89
2444,8,109,2026-01-29,2026-02-04,58,67.37
2445,8,117,2026-01-29,2026-02-07,87,98.44
2446,19,103,2026-01-29,2026-02-10,353,11.96
2447,20,21,2026-01-29,2026-03-14,14,162.92
2448,2,87,2026-01-30,2026-03-14,20,4016.49
2449,5,65,2026-01-30,2026-03-11,32,212.96
2450,5,59,2026-01-30,2026-03-08,35,129.49
2451,19,92,2026-01-30,2026-02-14,1666,1.51
2452,4,79,2026-01-31,2026-03-22,8,223.35
2453,5,65,2026-01-31,2026-03-13,26,210.76
2454,8,111,2026-01-31,2026-02-05,302,6.57
2455,9,37,2026-02-01,2026-03-01,111,268.39
2456,11,41,2026-02-01,2026-03-03,82,249.56
2457,13,91,2026-02-01,2026-02-19,1598,1.03
2458,19,15,2026-02-01,2026-02-17,136,33.82
2459,11,35,2026-02-02,2026-03-03,57,121.34
2460,21,115,2026-02-02,2026-02-12,139,12.79
2461,13,93,2026-02-03,2026-02-16,962,20.99
2462,14,68,2026-02-03,2026-03-14,13,1325.57
2463,18,119,2026-02-03,2026-02-10,27,12.62
2464,19,10,2026-02-03,2026-02-24,45,140.21
2465,21,117,2026-02-03,2026-02-12,60,99.16
2466,3,7,2026-02-04,2026-02-21,193,21.07
2467,8,111,2026-02-04,2026-02-10,157,6.39
2468,19,95,2026-02-04,2026-02-18,980,2.54
2469,19,102,2026-02-04,2026-02-17,4044,4.88
2470,21,115,2026-02-04,2026-02-19,266,13.91
2471,21,107,2026-02-04,2026-02-14,137,10.93
2472,7,80,2026-02-05,2026-03-25,3,1285.2
2473,8,115,2026-02-05,2026-02-18,71,13.15
2474,16,54,2026-02-05,2026-03-17,47,2205.95
2475,20,20,2026-02-05,2026-03-24,15,795.37
2476,4,87,2026-02-06,2026-03-28,12,3975.54
2477,17,29,2026-02-06,2026-03-22,53,244.98
2478,23,62,2026-02-06,2026-03-21,57,534.58
2479,4,80,2026-02-07,2026-03-27,12,1201.01
2480,8,107,2026-02-07,2026-02-20,317,11.05
2481,13,104,2026-02-07,2026-02-22,713,24.19
2482,9,44,2026-02-08,2026-03-10,188,48.42
2483,23,109,2026-02-08,2026-02-17,165,65.28
2484,23,74,2026-02-08,2026-03-19,22,551.6
2485,8,118,2026-02-09,2026-02-14,401,8.28
2486,17,63,2026-02-09,2026-03-22,11,1032.58
2487,8,110,2026-02-10,2026-02-18,226,7.29
2488,19,98,2026-02-10,2026-02-22,493,24.95
2489,5,66,2026-02-11,2026-03-21,9,1524.41
2490,11,29,2026-02-11,2026-04-03,15,248.66
2491,23,64,2026-02-11,2026-03-24,6,773.5
2492,24,45,2026-02-11,2026-03-11,58,30.12
2493,7,78,2026-02-12,2026-03-30,6,4069.68
2494,13,16,2026-02-12,2026-04-02,17,70.45
2495,19,100,2026-02-12,2026-02-26,1048,4.44
2496,21,115,2026-02-12,2026-02-21,75,13.17
2497,22,6,2026-02-12,2026-03-05,55,94.22
2498,8,107,2026-02-13,2026-02-20,464,11.31
2499,13,92,2026-02-13,2026-02-25,733,1.44
2500,18,115,2026-02-13,2026-03-02,149,13.37
2501,19,102,2026-02-13,2026-02-27,1052,4.86
2502,24,33,2026-02-13,2026-03-09,223,445.77
2503,4,97,2026-02-14,2026-02-22,683,9.0
2504,7,84,2026-02-14,2026-04-04,19,788.83
2505,14,70,2026-02-14,2026-03-30,14,157.5
2506,19,104,2026-02-14,2026-03-03,750,23.59
2507,20,29,2026-02-14,2026-03-31,45,246.73
2508,23,68,2026-02-14,2026-03-28,12,1192.16
2509,23,65,2026-02-14,2026-03-26,12,198.24
2510,5,67,2026-02-15,2026-03-27,23,1204.85
2511,14,33,2026-02-15,2026-03-15,73,420.58
2512,14,75,2026-02-15,2026-03-27,11,990.75
2513,23,116,2026-02-15,2026-02-23,174,8.03
2514,6,33,2026-02-16,2026-03-16,26,428.14
2515,20,21,2026-02-16,2026-04-03,26,165.12
2516,4,92,2026-02-17,2026-03-04,1805,1.54
2517,4,95,2026-02-17,2026-03-03,471,2.45
2518,12,6,2026-02-17,2026-03-11,60,89.9
2519,13,91,2026-02-17,2026-02-26,966,1.06
2520,16,52,2026-02-17,2026-03-23,26,224.62
2521,17,29,2026-02-17,2026-03-27,16,237.82
2522,19,4,2026-02-17,2026-03-10,361,304.78
2523,23,119,2026-02-17,2026-02-27,658,13.24
2524,9,38,2026-02-18,2026-03-17,32,187.52
2525,12,8,2026-02-18,2026-03-15,69,143.73
2526,19,100,2026-02-18,2026-03-04,437,4.4
2527,21,117,2026-02-19,2026-02-27,72,91.81
2528,1,84,2026-02-20,2026-04-08,14,769.61
2529,4,79,2026-02-20,2026-04-11,32,215.89
2530,9,36,2026-02-20,2026-03-18,118,59.45
2531,13,102,2026-02-20,2026-03-06,2505,5.04
2532,18,117,2026-02-20,2026-03-02,131,96.44
2533,24,45,2026-02-20,2026-03-19,70,29.52
2534,6,35,2026-02-21,2026-03-21,131,115.81
2535,11,45,2026-02-22,2026-03-25,30,32.32
2536,24,35,2026-02-22,2026-03-23,114,117.16
2537,14,70,2026-02-23,2026-04-06,9,145.22
2538,24,42,2026-02-23,2026-03-21,579,51.45
2539,24,37,2026-02-24,2026-03-20,269,280.05
2540,3,3,2026-02-25,2026-03-19,270,242.38
2541,4,83,2026-02-25,2026-04-17,8,317.48
2542,4,82,2026-02-25,2026-04-13,10,301.82
2543,8,110,2026-02-25,2026-03-09,94,7.13
2544,12,3,2026-02-25,2026-03-22,139,242.01
2545,19,3,2026-02-25,2026-03-20,106,224.64
2546,23,113,2026-02-25,2026-03-10,521,7.58
2547,2,77,2026-02-26,2026-04-22,8,478.18
2548,8,117,2026-02-26,2026-03-10,1110,98.9
2549,23,116,2026-02-26,2026-03-11,101,7.69
2550,11,35,2026-02-27,2026-03-28,18,124.69
2551,14,72,2026-02-27,2026-04-08,14,386.92
2552,19,4,2026-02-27,2026-03-20,162,290.59
2553,5,74,2026-02-28,2026-04-07,27,521.32
2554,17,63,2026-02-28,2026-04-09,12,1118.11
2555,8,115,2026-03-01,2026-03-12,1369,13.98
2556,19,95,2026-03-01,2026-03-15,1327,2.29
2557,21,111,2026-03-01,2026-03-08,206,6.48
2558,20,18,2026-03-02,2026-04-17,25,198.99
2559,4,81,2026-03-03,2026-04-22,5,1515.44
2560,9,32,2026-03-04,2026-04-04,55,245.02
2561,11,33,2026-03-04,2026-03-27,35,425.22
2562,23,69,2026-03-04,2026-04-12,5,156.0
2563,24,44,2026-03-04,2026-03-28,134,46.94
2564,4,87,2026-03-05,2026-04-24,21,4049.14
2565,6,35,2026-03-05,2026-04-02,140,122.41
2566,7,81,2026-03-05,2026-04-25,32,1567.99
2567,8,114,2026-03-05,2026-03-17,185,73.71
2568,9,34,2026-03-05,2026-04-02,34,428.74
2569,9,44,2026-03-05,2026-04-06,92,45.79
2570,14,40,2026-03-05,2026-04-02,41,28.12
2571,8,109,2026-03-06,2026-03-17,49,68.27
2572,8,107,2026-03-06,2026-03-14,241,10.74
2573,8,118,2026-03-06,2026-03-18,169,8.64
2574,9,38,2026-03-06,2026-04-03,103,192.9
2575,2,85,2026-03-07,2026-04-29,20,4662.94
2576,7,76,2026-03-07,2026-04-24,1,4178.25
2577,7,83,2026-03-07,2026-04-25,15,337.12
2578,13,25,2026-03-07,2026-04-19,31,141.31
2579,4,91,2026-03-08,2026-03-20,1190,1.13
2580,5,60,2026-03-08,2026-04-17,35,839.82
2581,8,110,2026-03-08,2026-03-18,372,7.52
2582,21,114,2026-03-08,2026-03-18,23,73.08
2583,23,69,2026-03-08,2026-04-17,16,153.53
2584,9,35,2026-03-09,2026-04-05,261,117.13
2585,12,78,2026-03-09,2026-04-28,5,3853.0
2586,23,62,2026-03-09,2026-04-15,30,571.68
2587,4,76,2026-03-10,2026-04-28,8,4479.65
2588,18,119,2026-03-10,2026-03-23,76,12.56
2589,19,93,2026-03-10,2026-03-22,872,20.49
2590,4,76,2026-03-11,2026-04-27,23,4363.44
2591,4,105,2026-03-12,2026-03-27,3608,5.28
2592,8,106,2026-03-12,2026-03-17,304,10.87
2593,12,12,2026-03-12,2026-04-02,111,194.57
2594,18,117,2026-03-12,2026-03-28,544,98.93
2595,10,99,2026-03-13,2026-03-24,355,9.31
2596,17,19,2026-03-13,2026-04-22,51,898.23
2597,19,10,2026-03-13,2026-04-09,97,132.4
2598,5,62,2026-03-14,2026-04-19,19,537.42
2599,8,114,2026-03-14,2026-03-24,196,69.13
2600,21,107,2026-03-14,2026-03-24,45,11.38
2601,14,71,2026-03-15,2026-04-29,12,2525.32
2602,14,44,2026-03-16,2026-04-10,299,43.85
2603,8,107,2026-03-17,2026-03-31,335,10.52
2604,16,55,2026-03-17,2026-04-20,36,445.32
2605,12,15,2026-03-18,2026-04-07,235,34.18
2606,24,35,2026-03-18,2026-04-17,190,123.67
2607,19,5,2026-03-19,2026-04-15,405,25.01
2608,6,40,2026-03-20,2026-04-17,85,29.33
2609,11,38,2026-03-20,2026-04-13,68,195.02
2610,21,108,2026-03-20,2026-04-01,69,56.09
2611,21,116,2026-03-20,2026-03-29,155,8.26
2612,23,118,2026-03-20,2026-04-01,135,9.08
2613,2,77,2026-03-21,2026-05-08,26,527.15
2614,9,42,2026-03-21,2026-04-18,109,49.44
2615,10,50,2026-03-21,2026-04-29,22,1740.52
2616,12,14,2026-03-21,2026-04-11,206,326.62
2617,23,109,2026-03-21,2026-03-29,241,64.34
2618,18,119,2026-03-22,2026-03-31,902,13.2
2619,11,25,2026-03-23,2026-05-12,134,147.49
2620,14,31,2026-03-23,2026-04-21,109,434.35
2621,23,119,2026-03-24,2026-04-05,270,12.29
2622,3,15,2026-03-25,2026-04-12,93,30.63
2623,7,85,2026-03-25,2026-05-10,11,4774.86
2624,8,117,2026-03-25,2026-04-11,148,96.97
2625,11,38,2026-03-25,2026-04-22,133,194.74
2626,12,7,2026-03-25,2026-04-16,81,22.34
2627,12,7,2026-03-25,2026-04-10,156,22.52
2628,8,115,2026-03-26,2026-04-07,61,13.44
2629,11,42,2026-03-26,2026-04-22,69,47.11
2630,12,88,2026-03-26,2026-05-12,5,2676.17
2631,21,115,2026-03-26,2026-04-06,505,13.13
2632,24,44,2026-03-26,2026-04-23,218,46.66
2633,19,14,2026-03-27,2026-04-19,227,310.64
2634,6,31,2026-03-28,2026-04-25,53,403.6
2635,11,18,2026-03-28,2026-05-16,72,206.36
2636,19,96,2026-03-28,2026-04-15,7843,6.97
2637,8,107,2026-03-29,2026-04-08,366,10.69
2638,19,8,2026-03-29,2026-04-17,582,137.21
2639,2,81,2026-03-31,2026-05-17,12,1565.98
2640,4,99,2026-03-31,2026-04-17,197,9.21
2641,9,33,2026-03-31,2026-04-22,144,415.3
2642,20,26,2026-03-31,2026-05-16,37,1191.35
2643,8,108,2026-04-01,2026-04-06,178,54.48
2644,14,73,2026-04-01,2026-05-14,23,269.95
2645,15,30,2026-04-01,2026-05-11,15,1443.91
2646,2,82,2026-04-02,2026-05-18,44,272.78
2647,4,92,2026-04-02,2026-04-09,629,1.59
2648,24,45,2026-04-02,2026-05-03,180,32.11
2649,8,116,2026-04-03,2026-04-17,256,8.19
2650,9,44,2026-04-04,2026-05-10,30,44.46
2651,23,70,2026-04-04,2026-05-19,70,146.03
2652,24,38,2026-04-04,2026-05-01,57,203.56
2653,7,80,2026-04-05,2026-05-26,25,1238.81
2654,8,116,2026-04-05,2026-04-17,75,7.67
2655,11,16,2026-04-06,2026-05-20,16,68.15
2656,23,73,2026-04-06,2026-05-11,86,284.93
2657,14,36,2026-04-07,2026-05-07,79,57.49
2658,12,14,2026-04-08,2026-05-01,26,316.34
2659,4,98,2026-04-09,2026-04-23,2395,26.14
2660,8,106,2026-04-09,2026-04-20,398,11.75
2661,18,114,2026-04-09,2026-04-19,108,72.05
2662,13,100,2026-04-10,2026-04-25,1258,4.42
2663,9,34,2026-04-11,2026-05-07,36,418.55
2664,15,28,2026-04-11,2026-05-26,56,74.87
2665,1,90,2026-04-12,2026-06-01,35,2600.56
2666,4,94,2026-04-12,2026-04-27,2058,20.02
2667,12,78,2026-04-12,2026-05-28,7,4021.58
2668,19,95,2026-04-12,2026-04-30,1311,2.52
2669,16,60,2026-04-13,2026-05-22,32,862.72
2670,19,11,2026-04-13,2026-05-04,214,172.02
2671,23,73,2026-04-13,2026-05-29,16,280.47
2672,11,17,2026-04-14,2026-05-29,97,365.6
2673,14,66,2026-04-14,2026-05-16,9,1589.15
2674,19,8,2026-04-14,2026-05-06,47,130.43
2675,8,110,2026-04-15,2026-04-25,235,6.86
2676,11,31,2026-04-15,2026-05-14,94,395.68
2677,12,6,2026-04-15,2026-05-06,111,88.28
2678,12,10,2026-04-15,2026-05-08,141,131.91
2679,19,91,2026-04-15,2026-04-30,2722,1.13
2680,21,118,2026-04-15,2026-04-25,138,8.4
2681,7,78,2026-04-16,2026-06-08,41,3976.37
2682,8,111,2026-04-16,2026-04-27,182,6.46
2683,19,98,2026-04-16,2026-04-30,3698,24.11
2684,20,17,2026-04-16,2026-05-25,563,343.56
2685,5,56,2026-04-17,2026-05-15,19,132.26
2686,7,76,2026-04-17,2026-06-04,11,4142.14
2687,8,111,2026-04-17,2026-04-24,405,6.13
2688,8,106,2026-04-17,2026-04-26,97,10.93
2689,12,9,2026-04-17,2026-05-08,156,40.75
2690,18,116,2026-04-17,2026-04-29,121,7.88
2691,20,16,2026-04-17,2026-06-02,43,66.18
2692,20,29,2026-04-17,2026-05-31,54,258.07
2693,5,60,2026-04-18,2026-05-21,30,815.32
2694,8,112,2026-04-18,2026-04-28,192,32.45
2695,8,119,2026-04-19,2026-04-30,253,13.11
2696,12,15,2026-04-19,2026-05-09,25,34.42
2697,19,15,2026-04-19,2026-05-08,20,30.79
2698,20,21,2026-04-19,2026-06-03,324,176.29
2699,24,34,2026-04-19,2026-05-17,76,403.68
2700,3,93,2026-04-20,2026-05-04,2235,20.94
2701,6,35,2026-04-20,2026-05-20,100,121.47
2702,8,107,2026-04-20,2026-04-29,211,10.73
2703,8,106,2026-04-20,2026-04-30,88,11.08
2704,8,114,2026-04-20,2026-04-28,59,71.1
2705,11,35,2026-04-21,2026-05-20,382,119.78
2706,16,55,2026-04-21,2026-05-25,26,438.5
2707,17,29,2026-04-21,2026-06-05,18,253.83
2708,21,119,2026-04-21,2026-05-05,248,11.79
2709,6,35,2026-04-22,2026-05-20,65,118.13
2710,10,60,2026-04-22,2026-05-25,54,835.58
2711,14,64,2026-04-22,2026-06-01,10,737.59
2712,14,40,2026-04-22,2026-05-18,190,27.96
2713,12,13,2026-04-23,2026-05-14,303,22.18
2714,13,96,2026-04-23,2026-05-05,1210,6.93
2715,19,93,2026-04-23,2026-05-10,1435,21.12
2716,19,100,2026-04-23,2026-05-06,1625,4.66
2717,23,61,2026-04-23,2026-06-04,58,161.34
2718,8,108,2026-04-24,2026-05-09,123,52.85
2719,11,29,2026-04-24,2026-06-05,207,262.61
2720,1,82,2026-04-25,2026-06-15,19,289.65
2721,4,97,2026-04-25,2026-05-10,1049,9.76
2722,4,81,2026-04-25,2026-06-13,23,1491.0
2723,18,109,2026-04-25,2026-05-05,94,67.73
2724,23,63,2026-04-25,2026-06-10,31,1048.4
2725,5,49,2026-04-26,2026-06-04,52,626.3
2726,19,104,2026-04-26,2026-05-06,1167,25.37
2727,20,24,2026-04-27,2026-06-11,21,318.34
2728,5,75,2026-04-28,2026-06-11,37,1027.33
2729,19,91,2026-04-28,2026-05-11,5495,1.09
2730,23,116,2026-04-28,2026-05-06,300,7.6
2731,23,118,2026-04-28,2026-05-07,311,8.76
2732,4,80,2026-04-29,2026-06-23,10,1181.0
2733,13,94,2026-04-29,2026-05-11,2542,19.31
2734,2,78,2026-04-30,2026-06-18,36,4076.43
2735,8,112,2026-04-30,2026-05-10,136,35.61
2736,13,97,2026-04-30,2026-05-20,366,9.37
2737,24,35,2026-04-30,2026-05-23,91,124.86
2738,4,77,2026-05-01,2026-06-22,18,515.18
2739,7,76,2026-05-01,2026-06-20,69,4521.75
2740,9,35,2026-05-01,2026-05-29,151,117.13
2741,17,70,2026-05-01,2026-06-09,25,150.81
2742,20,22,2026-05-01,2026-06-14,40,1366.75
2743,14,72,2026-05-02,2026-06-17,25,377.76
2744,4,98,2026-05-03,2026-05-17,794,24.2
2745,8,112,2026-05-03,2026-05-08,88,34.49
2746,2,77,2026-05-04,2026-06-23,7,493.01
2747,9,34,2026-05-04,2026-06-04,50,410.42
2748,12,8,2026-05-04,2026-05-28,68,141.07
2749,19,8,2026-05-04,2026-05-29,109,130.21
2750,19,91,2026-05-04,2026-05-20,631,1.1
2751,23,109,2026-05-04,2026-05-17,402,68.66
2752,5,61,2026-05-05,2026-06-12,19,163.27
2753,19,4,2026-05-05,2026-05-28,260,295.5
2754,23,65,2026-05-05,2026-06-16,31,200.3
2755,8,120,2026-05-06,2026-05-16,1107,8.51
2756,8,108,2026-05-06,2026-05-13,340,51.82
2757,8,106,2026-05-06,2026-05-18,127,10.53
2758,12,9,2026-05-06,2026-05-29,81,38.26
2759,24,36,2026-05-06,2026-06-02,182,62.84
2760,11,39,2026-05-07,2026-06-06,74,73.12
2761,17,22,2026-05-07,2026-06-20,59,1282.26
2762,9,44,2026-05-08,2026-05-31,10,48.44
2763,11,29,2026-05-08,2026-06-24,12,237.57
2764,19,3,2026-05-08,2026-05-29,218,220.56
2765,10,49,2026-05-09,2026-06-19,21,615.11
2766,19,15,2026-05-09,2026-05-27,327,32.69
2767,3,2,2026-05-11,2026-06-04,113,16.36
2768,8,114,2026-05-11,2026-05-21,52,65.8
2769,4,101,2026-05-12,2026-05-28,446,4.29
2770,9,31,2026-05-12,2026-06-09,95,429.02
2771,19,11,2026-05-12,2026-06-07,125,164.95
2772,12,8,2026-05-13,2026-05-28,173,140.37
2773,17,64,2026-05-13,2026-06-28,43,692.14
2774,23,69,2026-05-13,2026-06-22,23,155.2
2775,24,38,2026-05-13,2026-06-08,70,181.09
2776,18,116,2026-05-14,2026-05-21,154,8.16
2777,3,2,2026-05-15,2026-06-04,272,15.46
2778,23,62,2026-05-15,2026-06-20,36,534.32
2779,7,80,2026-05-16,2026-07-08,8,1237.06
2780,12,14,2026-05-16,2026-06-06,88,290.91
2781,14,45,2026-05-16,2026-06-15,340,30.26
2782,18,108,2026-05-16,2026-05-26,203,52.06
2783,19,100,2026-05-16,2026-05-30,537,4.36
2784,9,35,2026-05-17,2026-06-20,166,116.96
2785,12,90,2026-05-17,2026-07-05,7,2568.33
2786,12,77,2026-05-17,2026-07-07,29,514.51
2787,4,95,2026-05-18,2026-05-28,2093,2.48
2788,8,116,2026-05-18,2026-05-31,141,7.87
2789,8,108,2026-05-18,2026-05-28,117,52.65
2790,23,106,2026-05-18,2026-05-27,96,11.07
2791,4,87,2026-05-19,2026-07-06,21,4227.05
2792,8,111,2026-05-19,2026-05-29,334,6.12
2793,19,98,2026-05-19,2026-06-02,362,24.65
2794,8,106,2026-05-20,2026-05-30,271,11.52
2795,9,40,2026-05-20,2026-06-17,45,27.57
2796,11,30,2026-05-20,2026-07-02,69,1459.79
2797,12,81,2026-05-20,2026-07-13,15,1647.5
2798,14,43,2026-05-20,2026-06-17,50,503.25
2799,19,9,2026-05-20,2026-06-06,77,37.98
2800,23,69,2026-05-20,2026-07-02,56,151.99
2801,8,118,2026-05-21,2026-06-01,141,8.13
2802,8,117,2026-05-21,2026-06-01,37,92.19
2803,11,20,2026-05-21,2026-07-07,20,820.77
2804,19,7,2026-05-21,2026-06-11,179,20.86
2805,23,64,2026-05-21,2026-06-28,16,703.34
2806,7,77,2026-05-22,2026-07-08,6,512.24
2807,8,108,2026-05-22,2026-06-01,39,54.04
2808,10,105,2026-05-22,2026-06-01,862,5.63
2809,13,95,2026-05-22,2026-06-12,1065,2.37
2810,23,113,2026-05-22,2026-06-05,572,8.33
2811,7,87,2026-05-23,2026-07-12,3,4206.84
2812,11,19,2026-05-23,2026-07-10,189,883.75
2813,11,30,2026-05-23,2026-07-04,72,1462.09
2814,16,47,2026-05-23,2026-06-28,18,136.79
2815,18,116,2026-05-23,2026-06-01,345,8.49
2816,7,78,2026-05-24,2026-07-13,53,3921.9
2817,8,107,2026-05-24,2026-06-02,335,10.87
2818,12,76,2026-05-24,2026-07-13,35,4432.46
2819,23,119,2026-05-25,2026-06-07,82,12.68
2820,7,80,2026-05-26,2026-07-19,15,1166.84
2821,20,27,2026-05-26,2026-07-10,126,108.83
2822,21,114,2026-05-26,2026-06-05,192,68.14
2823,23,64,2026-05-26,2026-07-07,20,721.18
2824,8,111,2026-05-27,2026-06-03,246,6.53
2825,12,9,2026-05-27,2026-06-14,156,37.55
2826,18,118,2026-05-27,2026-06-06,72,8.68
2827,19,9,2026-05-27,2026-06-17,88,36.45
2828,24,41,2026-05-27,2026-06-27,74,252.17
2829,1,80,2026-05-28,2026-07-16,21,1169.06
2830,2,76,2026-05-28,2026-07-11,11,4158.2
2831,4,102,2026-05-28,2026-06-13,3003,4.58
2832,4,87,2026-05-28,2026-07-18,20,3851.3
2833,5,67,2026-05-28,2026-07-10,12,1138.05
2834,8,116,2026-05-28,2026-06-07,41,7.77
2835,24,38,2026-05-28,2026-06-26,66,188.66
2836,2,83,2026-05-29,2026-07-23,6,305.32
2837,5,48,2026-05-29,2026-07-04,43,153.04
2838,12,13,2026-05-29,2026-06-15,78,20.92
2839,13,30,2026-05-29,2026-07-11,48,1413.15
2840,19,95,2026-05-29,2026-06-13,5930,2.26
2841,19,102,2026-05-29,2026-06-08,1129,5.04
2842,23,113,2026-05-29,2026-06-09,203,7.91
2843,8,112,2026-05-30,2026-06-17,26,33.07
2844,9,31,2026-05-30,2026-06-27,60,427.25
2845,16,48,2026-05-30,2026-06-30,55,150.67
2846,16,59,2026-05-30,2026-07-03,32,135.86
2847,19,102,2026-05-30,2026-06-10,2082,5.06
2848,21,110,2026-05-30,2026-06-09,22,6.78
2849,8,109,2026-05-31,2026-06-14,171,70.46
2850,23,112,2026-05-31,2026-06-13,254,34.66
2851,2,88,2026-06-02,2026-07-21,15,2725.57
2852,16,49,2026-06-02,2026-07-01,40,619.43
2853,16,57,2026-06-02,2026-07-08,142,79.91
2854,17,70,2026-06-02,2026-07-09,47,153.46
2855,5,57,2026-06-04,2026-07-12,39,86.22
2856,12,81,2026-06-04,2026-07-23,6,1513.31
2857,14,33,2026-06-04,2026-07-05,109,396.57
2858,16,53,2026-06-05,2026-07-09,50,1192.81
2859,2,86,2026-06-06,2026-08-04,5,1450.65
2860,8,109,2026-06-06,2026-06-14,799,70.75
2861,9,38,2026-06-06,2026-07-04,47,194.05
2862,4,87,2026-06-07,2026-07-26,14,3857.11
2863,4,101,2026-06-08,2026-06-20,644,4.25
2864,11,41,2026-06-08,2026-07-06,29,253.18
2865,12,88,2026-06-08,2026-07-26,6,2859.31
2866,13,102,2026-06-08,2026-06-17,803,4.79
2867,21,110,2026-06-08,2026-06-18,150,7.48
2868,23,108,2026-06-08,2026-06-17,372,51.59
2869,8,108,2026-06-09,2026-06-22,79,55.54
2870,9,33,2026-06-09,2026-07-06,23,434.49
2871,15,25,2026-06-09,2026-07-24,457,135.69
2872,13,91,2026-06-10,2026-06-29,1597,1.13
2873,3,97,2026-06-11,2026-06-25,7816,9.13
2874,15,26,2026-06-11,2026-07-25,65,1230.87
2875,21,118,2026-06-11,2026-06-18,74,8.43
2876,23,69,2026-06-11,2026-07-22,27,156.18
2877,10,105,2026-06-12,2026-06-29,1704,5.56
2878,18,115,2026-06-12,2026-06-25,79,13.68
2879,9,35,2026-06-14,2026-07-12,45,118.52
2880,10,103,2026-06-14,2026-07-03,3365,11.53
2881,13,101,2026-06-14,2026-06-29,3694,4.07
2882,23,114,2026-06-14,2026-06-25,133,72.33
2883,23,110,2026-06-14,2026-06-25,104,6.84
2884,6,37,2026-06-16,2026-07-10,361,280.28
2885,8,108,2026-06-16,2026-06-26,146,55.26
2886,19,9,2026-06-16,2026-07-07,141,36.75
2887,15,16,2026-06-17,2026-07-31,216,69.86
2888,19,93,2026-06-17,2026-07-01,2732,20.36
2889,23,108,2026-06-17,2026-06-25,1091,55.06
2890,14,37,2026-06-18,2026-07-14,208,287.05
2891,8,109,2026-06-19,2026-06-29,206,71.04
2892,8,115,2026-06-19,2026-06-29,519,13.63
2893,9,35,2026-06-19,2026-07-21,51,123.79
2894,18,106,2026-06-19,2026-06-28,894,10.83
2895,21,106,2026-06-19,2026-07-02,391,11.51
2896,23,72,2026-06-19,2026-07-31,29,393.67
2897,23,117,2026-06-19,2026-06-29,65,90.09
2898,6,32,2026-06-20,2026-07-21,48,245.16
2899,7,85,2026-06-20,2026-08-07,25,4490.15
2900,4,81,2026-06-21,2026-08-11,22,1561.24
2901,21,113,2026-06-21,2026-07-06,111,8.35
2902,4,78,2026-06-22,2026-08-10,61,3766.67
2903,9,31,2026-06-22,2026-07-23,124,413.11
2904,2,79,2026-06-23,2026-08-11,30,211.5
2905,3,13,2026-06-23,2026-07-14,257,20.93
2906,8,117,2026-06-23,2026-07-08,34,99.21
2907,9,40,2026-06-23,2026-07-21,79,27.22
2908,4,94,2026-06-24,2026-06-29,2571,18.84
2909,8,109,2026-06-25,2026-07-05,97,64.93
2910,17,26,2026-06-25,2026-08-08,323,1209.25
2911,18,106,2026-06-25,2026-07-08,179,10.53
2912,3,4,2026-06-26,2026-07-19,499,297.31
2913,14,34,2026-06-26,2026-07-24,126,422.33
2914,8,112,2026-06-27,2026-07-04,195,32.28
2915,9,35,2026-06-27,2026-07-25,126,115.11
2916,20,20,2026-06-27,2026-08-11,173,792.73
2917,24,31,2026-06-27,2026-07-28,315,409.27
2918,4,85,2026-06-28,2026-08-17,18,4616.38
2919,8,119,2026-06-29,2026-07-14,128,13.12
2920,8,115,2026-06-29,2026-07-11,255,13.18
2921,9,43,2026-06-29,2026-07-24,34,466.08
2922,5,63,2026-06-30,2026-08-11,29,1071.58
2923,8,117,2026-06-30,2026-07-08,254,90.81
2924,11,29,2026-06-30,2026-08-14,82,254.81
2925,23,112,2026-06-30,2026-07-14,400,32.29
2926,24,41,2026-07-01,2026-08-01,99,256.2
2927,8,111,2026-07-02,2026-07-13,161,6.66
2928,10,54,2026-07-02,2026-07-31,26,2341.19
2929,11,36,2026-07-02,2026-08-01,79,57.88
2930,13,101,2026-07-02,2026-07-14,579,4.07
2931,14,39,2026-07-02,2026-07-30,80,69.23
2932,17,28,2026-07-02,2026-08-19,109,72.4
2933,19,10,2026-07-02,2026-07-21,97,136.65
2934,8,108,2026-07-03,2026-07-12,206,51.07
2935,13,91,2026-07-03,2026-07-19,4228,1.15
2936,18,118,2026-07-03,2026-07-13,71,8.1
2937,21,109,2026-07-03,2026-07-11,98,72.26
2938,6,32,2026-07-04,2026-08-02,145,247.86
2939,8,108,2026-07-04,2026-07-14,128,53.9
2940,12,11,2026-07-04,2026-07-29,67,160.72
2941,19,101,2026-07-04,2026-07-16,1390,4.09
2942,8,106,2026-07-05,2026-07-14,149,11.01
2943,8,106,2026-07-05,2026-07-19,80,10.94
2944,12,83,2026-07-05,2026-08-24,8,309.63
2945,18,108,2026-07-05,2026-07-16,97,55.1
2946,23,65,2026-07-05,2026-08-14,28,197.75
2947,4,90,2026-07-06,2026-08-25,23,2555.32
2948,13,22,2026-07-06,2026-08-21,68,1381.27
2949,19,104,2026-07-06,2026-07-20,1173,25.2
2950,24,34,2026-07-06,2026-08-05,107,423.14
2951,12,84,2026-07-07,2026-08-28,13,750.36
2952,12,1,2026-07-07,2026-08-02,313,62.36
2953,14,72,2026-07-07,2026-08-17,4,383.07
2954,19,5,2026-07-07,2026-07-28,199,24.44
2955,11,44,2026-07-10,2026-08-07,17,43.75
2956,14,64,2026-07-10,2026-08-21,12,739.49
2957,18,115,2026-07-10,2026-07-23,35,13.08
2958,19,15,2026-07-10,2026-07-28,108,30.98
2959,23,111,2026-07-10,2026-07-21,173,6.58
2960,6,38,2026-07-11,2026-08-09,219,194.84
2961,17,68,2026-07-11,2026-08-21,17,1179.74
2962,20,25,2026-07-11,2026-08-28,201,137.81
2963,23,110,2026-07-11,2026-07-17,129,6.97
2964,4,101,2026-07-12,2026-07-24,952,4.0
2965,8,110,2026-07-12,2026-07-23,183,6.7
2966,13,25,2026-07-12,2026-08-25,86,131.81
2967,18,113,2026-07-12,2026-07-28,127,7.87
2968,8,108,2026-07-13,2026-07-27,383,57.71
2969,9,39,2026-07-13,2026-08-08,472,72.98
2970,12,15,2026-07-13,2026-08-03,58,32.86
2971,17,73,2026-07-13,2026-08-18,24,269.19
2972,5,69,2026-07-14,2026-08-18,33,154.42
2973,8,109,2026-07-14,2026-07-24,115,65.26
2974,11,27,2026-07-14,2026-08-28,74,105.54
2975,17,16,2026-07-14,2026-09-01,193,65.33
2976,18,117,2026-07-14,2026-07-24,267,96.07
2977,8,107,2026-07-15,2026-07-25,92,11.23
2978,12,9,2026-07-15,2026-07-31,150,38.14
2979,13,105,2026-07-15,2026-07-28,1261,5.28
2980,14,34,2026-07-15,2026-08-13,181,414.65
2981,23,61,2026-07-16,2026-08-27,5,155.97
2982,5,67,2026-07-17,2026-08-28,19,1230.23
2983,7,89,2026-07-17,2026-09-09,9,950.58
2984,9,45,2026-07-17,2026-08-12,89,29.65
2985,20,23,2026-07-17,2026-08-31,65,147.07
2986,23,118,2026-07-17,2026-07-24,57,8.74
2987,8,117,2026-07-18,2026-07-25,243,97.59
2988,14,70,2026-07-18,2026-08-27,6,158.81
2989,23,110,2026-07-18,2026-07-27,537,7.21
2990,4,98,2026-07-19,2026-08-02,587,25.89
2991,5,53,2026-07-19,2026-08-27,31,1173.87
2992,7,88,2026-07-19,2026-09-07,8,2780.67
2993,9,44,2026-07-19,2026-08-15,128,45.41
2994,16,51,2026-07-19,2026-08-23,16,164.62
2995,17,28,2026-07-19,2026-09-05,242,68.0
2996,19,91,2026-07-19,2026-08-02,3310,1.03
2997,8,120,2026-07-20,2026-08-05,96,8.58
2998,9,40,2026-07-20,2026-08-18,110,28.59
2999,23,72,2026-07-20,2026-08-29,60,370.38
3000,23,118,2026-07-20,2026-07-29,51,8.46
3001,7,76,2026-07-21,2026-09-06,13,4663.61
3002,8,111,2026-07-21,2026-08-03,1172,6.39
3003,8,119,2026-07-21,2026-07-27,125,11.74
3004,10,46,2026-07-21,2026-08-23,13,1372.73
3005,19,99,2026-07-21,2026-08-04,1438,9.15
3006,23,106,2026-07-21,2026-07-31,149,10.68
3007,19,93,2026-07-22,2026-08-06,1134,22.06
3008,20,29,2026-07-22,2026-09-04,224,234.5
3009,23,72,2026-07-22,2026-08-29,44,385.79
3010,23,62,2026-07-22,2026-08-31,12,572.58
3011,6,37,2026-07-23,2026-08-21,349,269.5
3012,19,11,2026-07-23,2026-08-09,52,169.09
3013,23,61,2026-07-23,2026-08-28,51,146.99
3014,4,88,2026-07-24,2026-09-11,31,2644.76
3015,8,120,2026-07-24,2026-08-06,161,8.7
3016,2,78,2026-07-25,2026-09-11,14,4238.86
3017,19,92,2026-07-25,2026-08-08,410,1.43
3018,21,111,2026-07-26,2026-08-05,267,6.31
3019,21,115,2026-07-26,2026-08-02,82,12.9
3020,7,76,2026-07-27,2026-09-15,14,4575.2
3021,9,31,2026-07-27,2026-08-25,81,407.06
3022,7,88,2026-07-28,2026-09-13,9,2827.33
3023,8,110,2026-07-28,2026-08-07,175,7.18
3024,8,108,2026-07-28,2026-08-07,52,53.67
3025,6,42,2026-07-29,2026-08-28,129,51.29
3026,6,31,2026-07-29,2026-08-23,140,434.7
3027,8,120,2026-07-29,2026-08-03,116,8.31
3028,7,86,2026-07-30,2026-09-16,47,1347.23
3029,10,98,2026-07-30,2026-08-12,1787,24.77
3030,19,4,2026-07-30,2026-08-21,141,287.97
3031,8,113,2026-07-31,2026-08-11,314,7.74
3032,8,109,2026-07-31,2026-08-10,703,65.28
3033,13,95,2026-07-31,2026-08-15,681,2.27
3034,13,93,2026-07-31,2026-08-11,780,22.22
3035,12,3,2026-08-01,2026-08-19,101,223.57
3036,14,42,2026-08-01,2026-08-29,39,48.34
3037,24,39,2026-08-01,2026-08-27,460,75.06
3038,3,9,2026-08-02,2026-08-23,72,36.74
3039,10,98,2026-08-02,2026-08-15,1058,23.92
3040,23,116,2026-08-02,2026-08-14,359,7.66
3041,9,37,2026-08-03,2026-09-01,54,271.82
3042,10,52,2026-08-03,2026-09-07,42,243.22
3043,12,11,2026-08-03,2026-08-25,104,163.23
3044,19,4,2026-08-03,2026-08-25,72,276.87
3045,6,38,2026-08-04,2026-09-05,132,202.91
3046,8,110,2026-08-05,2026-08-15,105,7.52
3047,15,22,2026-08-05,2026-09-18,493,1232.18
3048,8,116,2026-08-06,2026-08-15,293,7.79
3049,21,109,2026-08-06,2026-08-16,63,63.77
3050,1,80,2026-08-07,2026-09-23,14,1207.95
3051,3,98,2026-08-08,2026-08-21,1744,23.36
3052,12,78,2026-08-08,2026-09-28,11,4212.05
3053,14,44,2026-08-08,2026-09-04,62,43.75
3054,15,30,2026-08-08,2026-09-22,81,1445.3
3055,5,61,2026-08-09,2026-09-18,12,157.49
3056,14,35,2026-08-09,2026-09-04,39,113.64
3057,19,93,2026-08-09,2026-08-24,2045,22.04
3058,19,102,2026-08-09,2026-08-23,1094,4.82
3059,6,39,2026-08-10,2026-09-07,296,69.86
3060,8,108,2026-08-10,2026-08-18,126,53.31
3061,4,96,2026-08-11,2026-08-26,1990,7.49
3062,18,109,2026-08-11,2026-08-20,85,63.68
3063,5,48,2026-08-12,2026-09-15,18,157.35
3064,7,78,2026-08-12,2026-09-25,11,4040.19
3065,8,119,2026-08-12,2026-08-20,394,11.96
3066,9,35,2026-08-12,2026-09-05,47,118.93
3067,14,44,2026-08-12,2026-09-09,71,48.03
3068,14,64,2026-08-12,2026-09-17,7,766.33
3069,19,97,2026-08-12,2026-08-28,1662,10.08
3070,2,77,2026-08-13,2026-10-01,34,515.75
3071,5,71,2026-08-13,2026-09-29,25,2310.73
3072,21,113,2026-08-13,2026-08-26,99,8.1
3073,8,111,2026-08-14,2026-08-24,327,6.07
3074,11,42,2026-08-14,2026-09-13,147,47.12
3075,14,36,2026-08-14,2026-09-13,38,60.92
3076,19,92,2026-08-14,2026-08-25,4185,1.61
3077,22,10,2026-08-14,2026-09-02,228,134.14
3078,23,74,2026-08-14,2026-09-23,18,523.97
3079,14,43,2026-08-15,2026-09-05,46,510.17
3080,6,38,2026-08-16,2026-09-13,36,184.27
3081,19,7,2026-08-16,2026-09-09,467,21.77
3082,19,105,2026-08-17,2026-09-01,902,5.75
3083,8,117,2026-08-18,2026-08-26,86,95.39
3084,12,1,2026-08-18,2026-09-08,31,64.16
3085,5,68,2026-08-19,2026-09-28,11,1266.28
3086,6,34,2026-08-19,2026-09-18,73,438.87
3087,9,37,2026-08-19,2026-09-20,125,297.26
3088,9,44,2026-08-19,2026-09-16,28,44.5
3089,4,97,2026-08-20,2026-08-30,724,9.54
3090,5,50,2026-08-20,2026-09-24,39,1736.55
3091,17,18,2026-08-20,2026-10-02,145,213.82
3092,19,12,2026-08-20,2026-09-16,53,193.47
3093,21,120,2026-08-20,2026-09-01,53,8.53
3094,8,110,2026-08-21,2026-09-07,146,6.9
3095,8,106,2026-08-21,2026-09-02,500,10.75
3096,8,107,2026-08-21,2026-08-26,119,10.57
3097,8,120,2026-08-21,2026-08-31,138,7.98
3098,13,91,2026-08-21,2026-09-04,649,1.07
3099,14,39,2026-08-21,2026-09-14,63,75.29
3100,18,110,2026-08-21,2026-09-03,434,7.48
3101,23,117,2026-08-21,2026-09-01,213,91.04
3102,24,33,2026-08-21,2026-09-16,77,411.72
3103,8,116,2026-08-22,2026-09-03,27,7.8
3104,9,41,2026-08-22,2026-09-19,72,264.59
3105,19,1,2026-08-22,2026-09-10,146,60.45
3106,8,107,2026-08-23,2026-09-05,195,11.11
3107,9,44,2026-08-23,2026-09-20,259,45.95
3108,16,49,2026-08-23,2026-09-30,18,630.7
3109,5,62,2026-08-25,2026-10-08,36,580.78
3110,7,87,2026-08-25,2026-10-08,6,4179.17
3111,7,86,2026-08-25,2026-10-11,90,1313.88
3112,8,116,2026-08-25,2026-09-04,77,8.31
3113,9,33,2026-08-25,2026-09-23,200,405.91
3114,11,37,2026-08-25,2026-09-18,252,285.39
3115,17,27,2026-08-25,2026-10-13,75,107.66
3116,8,109,2026-08-26,2026-09-09,109,67.05
3117,12,81,2026-08-26,2026-10-15,39,1556.9
3118,14,38,2026-08-26,2026-09-23,119,192.84
3119,19,1,2026-08-26,2026-09-16,130,65.64
3120,8,120,2026-08-27,2026-09-06,193,8.19
3121,8,114,2026-08-27,2026-09-09,543,66.25
3122,19,4,2026-08-27,2026-09-15,108,304.19
3123,23,65,2026-08-27,2026-10-08,78,209.25
3124,24,36,2026-08-27,2026-09-20,380,61.13
3125,23,113,2026-08-28,2026-09-05,428,8.54
3126,8,113,2026-08-29,2026-09-08,518,8.13
3127,16,47,2026-08-30,2026-10-04,11,142.81
3128,21,120,2026-08-30,2026-09-06,169,8.55
3129,1,78,2026-08-31,2026-10-25,3,4057.14
3130,8,107,2026-08-31,2026-09-09,144,10.79
3131,16,48,2026-08-31,2026-10-06,12,154.18
3132,23,71,2026-08-31,2026-10-03,106,2323.1
3133,16,60,2026-09-01,2026-10-10,9,838.52
3134,17,21,2026-09-01,2026-10-10,47,166.73
3135,18,113,2026-09-01,2026-09-07,273,8.2
3136,19,15,2026-09-01,2026-09-17,83,31.58
3137,23,112,2026-09-01,2026-09-13,384,31.84
3138,2,78,2026-09-02,2026-10-22,7,3882.1
3139,4,99,2026-09-02,2026-09-20,1173,9.36
3140,4,92,2026-09-02,2026-09-19,3518,1.58
3141,5,73,2026-09-02,2026-10-13,17,281.9
3142,14,41,2026-09-02,2026-10-04,217,266.01
3143,24,34,2026-09-02,2026-10-02,183,416.59
3144,13,23,2026-09-03,2026-10-20,47,163.51
3145,16,52,2026-09-03,2026-10-09,125,244.16
3146,16,55,2026-09-03,2026-10-05,35,459.42
3147,18,108,2026-09-03,2026-09-14,303,56.32
3148,8,115,2026-09-04,2026-09-18,52,13.57
3149,8,116,2026-09-04,2026-09-14,406,8.02
3150,13,23,2026-09-04,2026-10-17,31,157.19
3151,16,59,2026-09-04,2026-10-06,35,134.43
3152,16,54,2026-09-04,2026-10-11,23,2437.69
3153,16,58,2026-09-04,2026-10-07,2,183.56
3154,13,29,2026-09-05,2026-10-19,39,241.67
3155,14,66,2026-09-05,2026-10-13,11,1611.09
3156,19,94,2026-09-05,2026-09-16,1784,18.54
3157,8,107,2026-09-06,2026-09-19,69,10.69
3158,9,31,2026-09-06,2026-10-07,122,414.36
3159,10,48,2026-09-06,2026-10-15,47,147.81
3160,19,2,2026-09-06,2026-09-24,447,16.87
3161,23,68,2026-09-06,2026-10-12,45,1303.92
3162,4,93,2026-09-07,2026-09-26,2639,21.71
3163,8,111,2026-09-07,2026-09-14,904,6.33
3164,9,45,2026-09-08,2026-10-07,87,32.48
3165,17,70,2026-09-08,2026-10-17,4,158.06
3166,22,12,2026-09-09,2026-09-26,126,199.04
3167,16,54,2026-09-10,2026-10-16,15,2309.15
3168,23,71,2026-09-10,2026-10-20,97,2435.69
3169,3,3,2026-09-11,2026-10-02,55,241.35
3170,16,52,2026-09-11,2026-10-16,13,234.21
3171,24,42,2026-09-11,2026-10-09,112,46.88
3172,2,80,2026-09-12,2026-11-01,10,1266.57
3173,8,120,2026-09-12,2026-09-19,200,8.18
3174,9,33,2026-09-12,2026-10-11,35,400.98
3175,12,9,2026-09-13,2026-09-28,23,36.52
3176,16,49,2026-09-13,2026-10-22,18,673.76
3177,20,27,2026-09-13,2026-11-01,51,100.7
3178,4,98,2026-09-14,2026-09-30,327,25.66
3179,8,112,2026-09-14,2026-09-28,111,34.89
3180,21,108,2026-09-14,2026-09-21,290,56.46
3181,23,64,2026-09-14,2026-10-24,49,729.59
3182,23,62,2026-09-14,2026-10-22,11,598.33
3183,13,96,2026-09-15,2026-09-30,3885,7.2
3184,15,19,2026-09-15,2026-10-31,194,920.52
3185,19,104,2026-09-15,2026-10-01,517,24.4
3186,8,115,2026-09-16,2026-09-28,61,13.6
3187,20,22,2026-09-16,2026-11-01,79,1307.56
3188,5,52,2026-09-17,2026-10-21,14,241.15
3189,14,72,2026-09-17,2026-10-24,20,396.94
3190,19,13,2026-09-17,2026-10-07,105,21.39
3191,6,40,2026-09-18,2026-10-12,38,27.53
3192,8,118,2026-09-18,2026-09-26,51,8.49
3193,4,78,2026-09-19,2026-11-08,5,3729.24
3194,14,44,2026-09-19,2026-10-21,70,46.49
3195,5,70,2026-09-20,2026-10-29,22,146.5
3196,7,82,2026-09-20,2026-11-09,18,270.95
3197,8,108,2026-09-20,2026-10-01,162,54.42
3198,13,21,2026-09-20,2026-11-07,82,168.05
3199,19,11,2026-09-20,2026-10-11,123,155.55
3200,20,30,2026-09-20,2026-10-31,162,1441.32
