inspection_id,delivery_id,inspection_date,inspected_qty,rejected_qty,reject_reason
1,1,2024-02-19,7,0,
2,2,2024-01-26,50,0,
3,3,2024-01-23,37,0,
4,4,2024-02-24,28,1,Fonksiyon testi başarısız
5,5,2024-02-06,50,4,Boyutsal sapma
6,6,2024-02-17,20,1,Boyutsal sapma
7,7,2024-02-10,5,0,
8,8,2024-02-06,41,0,
9,9,2024-02-06,8,1,Boyutsal sapma
10,10,2024-02-21,37,0,
11,11,2024-01-13,50,0,
12,12,2024-02-13,31,0,
13,13,2024-02-08,37,0,
14,14,2024-02-22,4,1,Fonksiyon testi başarısız
15,15,2024-01-18,325,5,Boyutsal sapma
16,16,2024-02-05,13,1,Yüzey kusuru
17,17,2024-01-18,50,5,Yüzey kusuru
18,18,2024-02-16,8,0,
19,19,2024-02-20,22,2,Yüzey kusuru
20,20,2024-02-22,8,0,
21,21,2024-01-29,50,6,Yüzey kusuru
22,22,2024-01-20,1097,78,Malzeme uygunsuzluğu
23,23,2024-02-12,17,0,
24,24,2024-02-23,4,0,
25,25,2024-01-24,113,9,Yüzey kusuru
26,26,2024-02-03,50,3,Dokümantasyon eksikliği
27,27,2024-02-14,14,0,
28,28,2024-01-27,192,10,Yüzey kusuru
29,29,2024-02-02,180,8,Fonksiyon testi başarısız
30,30,2024-01-31,50,2,Malzeme uygunsuzluğu
31,31,2024-02-05,50,0,
32,32,2024-01-21,50,7,Boyutsal sapma
33,33,2024-02-20,50,5,Malzeme uygunsuzluğu
34,34,2024-01-15,50,1,Boyutsal sapma
35,35,2024-02-13,50,1,Malzeme uygunsuzluğu
36,36,2024-02-18,14,0,
37,37,2024-02-07,50,1,Yüzey kusuru
38,38,2024-01-17,66,6,Malzeme uygunsuzluğu
39,39,2024-01-26,50,2,Malzeme uygunsuzluğu
40,40,2024-02-10,45,0,
41,41,2024-03-04,5,0,
42,42,2024-02-05,50,1,Yüzey kusuru
43,43,2024-02-02,50,0,
44,44,2024-02-19,50,7,Fonksiyon testi başarısız
45,45,2024-03-06,12,0,
46,46,2024-01-20,130,6,Yüzey kusuru
47,47,2024-02-04,50,0,
48,48,2024-02-14,25,1,Malzeme uygunsuzluğu
49,49,2024-01-28,50,1,Yüzey kusuru
50,50,2024-01-17,130,4,Dokümantasyon eksikliği
51,51,2024-03-12,13,2,Yüzey kusuru
52,52,2024-02-08,47,0,
53,53,2024-02-09,50,2,Malzeme uygunsuzluğu
54,54,2024-02-07,50,0,
55,55,2024-02-04,25,0,
56,56,2024-03-02,6,0,
57,57,2024-01-25,42,1,Malzeme uygunsuzluğu
58,58,2024-01-24,50,5,Fonksiyon testi başarısız
59,59,2024-02-09,50,4,Malzeme uygunsuzluğu
60,60,2024-02-09,39,0,
61,61,2024-02-12,50,10,Yüzey kusuru
62,62,2024-02-04,35,0,
63,63,2024-02-28,6,0,
64,64,2024-03-04,14,1,Boyutsal sapma
65,65,2024-02-12,50,0,
66,66,2024-02-12,50,1,Malzeme uygunsuzluğu
67,67,2024-03-06,50,1,Dokümantasyon eksikliği
68,68,2024-01-21,50,4,Yüzey kusuru
69,69,2024-01-26,242,3,Dokümantasyon eksikliği
70,70,2024-03-12,28,1,Fonksiyon testi başarısız
71,71,2024-02-08,89,3,Fonksiyon testi başarısız
72,72,2024-02-24,30,1,Boyutsal sapma
73,73,2024-02-12,50,2,Yüzey kusuru
74,74,2024-01-30,50,1,Yüzey kusuru
75,75,2024-01-31,82,5,Malzeme uygunsuzluğu
76,76,2024-02-12,50,1,Boyutsal sapma
77,77,2024-02-08,57,0,
78,78,2024-03-09,4,0,
79,79,2024-02-12,50,7,Malzeme uygunsuzluğu
80,80,2024-02-15,16,2,Boyutsal sapma
81,81,2024-03-11,18,0,
82,82,2024-02-06,54,1,Boyutsal sapma
83,83,2024-02-20,50,1,Fonksiyon testi başarısız
84,84,2024-03-07,35,3,Fonksiyon testi başarısız
85,85,2024-03-06,39,0,
86,86,2024-02-07,50,0,
87,87,2024-01-27,50,0,
88,88,2024-02-29,50,1,Boyutsal sapma
89,89,2024-03-13,5,0,
90,90,2024-03-20,50,9,Fonksiyon testi başarısız
91,91,2024-03-04,26,1,Boyutsal sapma
92,92,2024-03-23,6,2,Dokümantasyon eksikliği
93,93,2024-03-02,6,0,
94,94,2024-03-09,50,1,Fonksiyon testi başarısız
95,95,2024-03-08,29,0,
96,96,2024-02-02,50,0,
97,97,2024-02-26,38,0,
98,98,2024-03-13,8,0,
99,99,2024-02-20,50,0,
100,100,2024-02-24,15,0,
101,101,2024-02-21,50,0,
102,102,2024-03-02,50,3,Boyutsal sapma
103,103,2024-02-22,50,0,
104,104,2024-02-07,50,3,Yüzey kusuru
105,105,2024-03-09,14,0,
106,106,2024-02-14,669,3,Yüzey kusuru
107,107,2024-02-27,50,0,
108,108,2024-03-07,6,0,
109,109,2024-02-06,50,1,Yüzey kusuru
110,110,2024-02-08,79,12,Fonksiyon testi başarısız
111,111,2024-03-01,50,6,Malzeme uygunsuzluğu
112,112,2024-02-21,50,3,Boyutsal sapma
113,113,2024-02-25,43,0,
114,114,2024-02-17,385,5,Yüzey kusuru
115,115,2024-03-17,5,0,
116,116,2024-02-23,50,2,Fonksiyon testi başarısız
117,117,2024-03-08,50,6,Fonksiyon testi başarısız
118,118,2024-03-06,21,0,
119,119,2024-02-10,80,8,Fonksiyon testi başarısız
120,120,2024-02-26,50,10,Yüzey kusuru
121,121,2024-02-27,52,0,
122,122,2024-03-04,50,2,Malzeme uygunsuzluğu
123,123,2024-03-20,50,1,Fonksiyon testi başarısız
124,124,2024-02-22,50,3,Dokümantasyon eksikliği
125,125,2024-02-07,122,5,Dokümantasyon eksikliği
126,126,2024-03-01,50,2,Yüzey kusuru
127,127,2024-03-12,38,0,
128,128,2024-03-12,33,0,
129,129,2024-03-07,50,0,
130,130,2024-03-12,23,1,Yüzey kusuru
131,131,2024-03-22,7,1,Boyutsal sapma
132,132,2024-03-19,1,0,
133,133,2024-03-08,50,4,Dokümantasyon eksikliği
134,134,2024-03-24,50,1,Fonksiyon testi başarısız
135,135,2024-03-19,28,1,Fonksiyon testi başarısız
136,136,2024-02-19,50,1,Yüzey kusuru
137,137,2024-02-25,10,1,Malzeme uygunsuzluğu
138,138,2024-03-01,50,1,Yüzey kusuru
139,139,2024-03-23,27,0,
140,140,2024-04-03,12,0,
141,141,2024-03-04,50,2,Malzeme uygunsuzluğu
142,142,2024-03-19,50,9,Fonksiyon testi başarısız
143,143,2024-03-02,50,0,
144,144,2024-03-07,50,0,
145,145,2024-02-22,151,10,Fonksiyon testi başarısız
146,146,2024-02-28,50,3,Boyutsal sapma
147,147,2024-03-08,50,1,Yüzey kusuru
148,148,2024-02-21,98,3,Dokümantasyon eksikliği
149,149,2024-02-26,239,1,Yüzey kusuru
150,150,2024-02-24,50,3,Yüzey kusuru
151,151,2024-03-23,11,0,
152,152,2024-04-16,50,3,Malzeme uygunsuzluğu
153,153,2024-03-06,22,0,
154,154,2024-03-17,8,0,
155,155,2024-02-21,50,0,
156,156,2024-03-22,50,4,Boyutsal sapma
157,157,2024-02-23,62,1,Boyutsal sapma
158,158,2024-02-20,554,36,Boyutsal sapma
159,159,2024-03-13,50,1,Boyutsal sapma
160,160,2024-03-12,50,2,Malzeme uygunsuzluğu
161,161,2024-03-05,125,3,Boyutsal sapma
162,162,2024-02-21,110,1,Boyutsal sapma
163,163,2024-03-22,68,2,Malzeme uygunsuzluğu
164,164,2024-03-21,10,0,
165,165,2024-03-30,37,2,Malzeme uygunsuzluğu
166,166,2024-03-29,50,1,Yüzey kusuru
167,167,2024-04-09,28,0,
168,168,2024-03-02,50,1,Yüzey kusuru
169,169,2024-03-27,50,0,
170,170,2024-03-04,50,1,Boyutsal sapma
171,171,2024-04-01,48,1,Yüzey kusuru
172,172,2024-04-06,5,0,
173,173,2024-02-24,112,3,Fonksiyon testi başarısız
174,174,2024-04-01,50,1,Fonksiyon testi başarısız
175,175,2024-03-16,41,0,
176,176,2024-02-23,69,1,Boyutsal sapma
177,177,2024-03-22,50,0,
178,178,2024-03-21,50,2,Malzeme uygunsuzluğu
179,179,2024-02-22,50,0,
180,180,2024-03-05,50,1,Yüzey kusuru
181,181,2024-03-02,172,3,Dokümantasyon eksikliği
182,182,2024-04-08,15,0,
183,183,2024-04-03,29,0,
184,184,2024-04-20,50,8,Malzeme uygunsuzluğu
185,185,2024-03-25,20,1,Malzeme uygunsuzluğu
186,186,2024-03-24,102,16,Yüzey kusuru
187,187,2024-03-22,50,9,Yüzey kusuru
188,188,2024-03-14,50,2,Fonksiyon testi başarısız
189,189,2024-04-15,36,0,
190,190,2024-02-29,50,1,Boyutsal sapma
191,191,2024-03-17,50,5,Yüzey kusuru
192,192,2024-02-24,54,1,Boyutsal sapma
193,193,2024-03-15,50,1,Malzeme uygunsuzluğu
194,194,2024-03-17,50,0,
195,195,2024-04-02,44,0,
196,196,2024-03-12,408,12,Fonksiyon testi başarısız
197,197,2024-03-27,31,0,
198,198,2024-03-02,146,1,Fonksiyon testi başarısız
199,199,2024-03-18,50,0,
200,200,2024-03-22,50,0,
201,201,2024-03-15,50,1,Dokümantasyon eksikliği
202,202,2024-03-12,78,2,Yüzey kusuru
203,203,2024-03-03,50,2,Yüzey kusuru
204,204,2024-03-19,50,1,Dokümantasyon eksikliği
205,205,2024-03-07,50,8,Malzeme uygunsuzluğu
206,206,2024-03-17,50,1,Malzeme uygunsuzluğu
207,207,2024-03-15,50,3,Boyutsal sapma
208,208,2024-03-16,59,2,Boyutsal sapma
209,209,2024-04-15,32,1,Malzeme uygunsuzluğu
210,210,2024-05-05,11,0,
211,211,2024-03-28,50,8,Boyutsal sapma
212,212,2024-03-13,270,3,Yüzey kusuru
213,213,2024-04-23,25,0,
214,214,2024-04-28,25,2,Fonksiyon testi başarısız
215,215,2024-03-16,136,4,Dokümantasyon eksikliği
216,216,2024-03-10,565,16,Yüzey kusuru
217,217,2024-03-06,64,4,Malzeme uygunsuzluğu
218,218,2024-04-16,50,2,Fonksiyon testi başarısız
219,219,2024-04-25,56,7,Malzeme uygunsuzluğu
220,220,2024-03-28,53,3,Dokümantasyon eksikliği
221,221,2024-03-29,50,4,Malzeme uygunsuzluğu
222,222,2024-03-31,50,3,Boyutsal sapma
223,223,2024-03-24,50,0,
224,224,2024-03-16,129,1,Boyutsal sapma
225,225,2024-04-19,19,0,
226,226,2024-04-09,35,1,Yüzey kusuru
227,227,2024-03-31,41,5,Malzeme uygunsuzluğu
228,228,2024-04-13,50,1,Boyutsal sapma
229,229,2024-03-16,164,12,Boyutsal sapma
230,230,2024-03-09,50,2,Boyutsal sapma
231,231,2024-03-17,491,2,Dokümantasyon eksikliği
232,232,2024-04-17,36,5,Boyutsal sapma
233,233,2024-04-04,50,0,
234,234,2024-04-20,41,1,Dokümantasyon eksikliği
235,235,2024-05-04,6,0,
236,236,2024-04-04,50,8,Malzeme uygunsuzluğu
237,237,2024-03-18,50,3,Malzeme uygunsuzluğu
238,238,2024-03-11,205,20,Boyutsal sapma
239,239,2024-03-17,50,3,Malzeme uygunsuzluğu
240,240,2024-04-11,50,0,
241,241,2024-03-21,2727,36,Yüzey kusuru
242,242,2024-04-24,39,4,Fonksiyon testi başarısız
243,243,2024-04-02,37,0,
244,244,2024-04-12,8,0,
245,245,2024-03-25,71,1,Boyutsal sapma
246,246,2024-03-31,45,1,Dokümantasyon eksikliği
247,247,2024-04-26,15,0,
248,248,2024-04-09,14,1,Fonksiyon testi başarısız
249,249,2024-04-16,20,0,
250,250,2024-05-17,10,1,Yüzey kusuru
251,251,2024-03-24,118,6,Fonksiyon testi başarısız
252,252,2024-03-20,155,2,Boyutsal sapma
253,253,2024-03-24,50,1,Yüzey kusuru
254,254,2024-04-13,23,0,
255,255,2024-04-29,13,0,
256,256,2024-04-12,50,5,Boyutsal sapma
257,257,2024-03-28,50,0,
258,258,2024-03-23,50,3,Fonksiyon testi başarısız
259,259,2024-04-26,50,3,Dokümantasyon eksikliği
260,260,2024-04-25,14,0,
261,261,2024-05-01,12,0,
262,262,2024-03-25,304,6,Malzeme uygunsuzluğu
263,263,2024-05-09,30,5,Fonksiyon testi başarısız
264,264,2024-03-18,50,1,Malzeme uygunsuzluğu
265,265,2024-03-25,51,3,Boyutsal sapma
266,266,2024-04-03,50,1,Yüzey kusuru
267,267,2024-05-13,20,1,Fonksiyon testi başarısız
268,268,2024-03-30,50,6,Yüzey kusuru
269,269,2024-03-23,50,5,Boyutsal sapma
270,270,2024-05-01,46,0,
271,271,2024-04-20,6,0,
272,272,2024-04-04,50,0,
273,273,2024-04-11,50,1,Yüzey kusuru
274,274,2024-04-11,35,0,
275,275,2024-04-21,21,1,Boyutsal sapma
276,276,2024-03-20,114,6,Malzeme uygunsuzluğu
277,277,2024-04-24,13,0,
278,278,2024-04-06,168,0,
279,279,2024-04-16,50,0,
280,280,2024-04-11,50,0,
281,281,2024-04-03,50,2,Malzeme uygunsuzluğu
282,282,2024-04-15,31,0,
283,283,2024-03-31,93,6,Boyutsal sapma
284,284,2024-04-29,18,1,Yüzey kusuru
285,285,2024-04-13,50,2,Dokümantasyon eksikliği
286,286,2024-05-05,50,1,Boyutsal sapma
287,287,2024-03-28,50,1,Boyutsal sapma
288,288,2024-04-06,50,1,Boyutsal sapma
289,289,2024-03-30,50,1,Boyutsal sapma
290,290,2024-04-20,715,6,Malzeme uygunsuzluğu
291,291,2024-05-04,21,0,
292,292,2024-04-23,30,1,Dokümantasyon eksikliği
293,293,2024-04-09,50,1,Malzeme uygunsuzluğu
294,294,2024-05-24,50,2,Dokümantasyon eksikliği
295,295,2024-04-16,50,5,Malzeme uygunsuzluğu
296,296,2024-04-21,50,1,Boyutsal sapma
297,297,2024-04-24,31,0,
298,298,2024-04-22,24,0,
299,299,2024-05-01,28,2,Fonksiyon testi başarısız
300,300,2024-04-13,35,0,
301,301,2024-05-11,10,0,
302,302,2024-04-22,54,5,Malzeme uygunsuzluğu
303,303,2024-05-19,10,0,
304,304,2024-04-28,29,3,Yüzey kusuru
305,305,2024-04-06,181,3,Yüzey kusuru
306,306,2024-04-07,50,0,
307,307,2024-04-12,50,1,Boyutsal sapma
308,308,2024-04-02,50,1,Yüzey kusuru
309,309,2024-04-25,45,0,
310,310,2024-04-25,210,0,
311,311,2024-04-04,53,1,Boyutsal sapma
312,312,2024-05-27,8,0,
313,313,2024-04-09,50,0,
314,314,2024-04-15,779,3,Yüzey kusuru
315,315,2024-04-14,64,0,
316,316,2024-04-26,37,1,Malzeme uygunsuzluğu
317,317,2024-04-16,76,2,Boyutsal sapma
318,318,2024-04-06,457,6,Malzeme uygunsuzluğu
319,319,2024-04-01,45,2,Yüzey kusuru
320,320,2024-04-20,913,6,Dokümantasyon eksikliği
321,321,2024-06-04,4,0,
322,322,2024-05-15,16,2,Fonksiyon testi başarısız
323,323,2024-04-07,50,3,Dokümantasyon eksikliği
324,324,2024-04-10,55,0,
325,325,2024-04-07,99,6,Malzeme uygunsuzluğu
326,326,2024-04-20,50,2,Yüzey kusuru
327,327,2024-04-12,115,2,Malzeme uygunsuzluğu
328,328,2024-05-28,16,0,
329,329,2024-05-17,3,1,Dokümantasyon eksikliği
330,330,2024-06-03,12,1,Fonksiyon testi başarısız
331,331,2024-04-28,50,0,
332,332,2024-05-25,10,0,
333,333,2024-04-22,50,3,Malzeme uygunsuzluğu
334,334,2024-04-27,29,0,
335,335,2024-05-20,15,0,
336,336,2024-04-17,50,0,
337,337,2024-05-03,28,1,Boyutsal sapma
338,338,2024-05-20,43,1,Fonksiyon testi başarısız
339,339,2024-05-13,50,3,Dokümantasyon eksikliği
340,340,2024-05-21,20,0,
341,341,2024-05-06,4,0,
342,342,2024-04-13,91,0,
343,343,2024-04-16,36,1,Boyutsal sapma
344,344,2024-05-24,11,0,
345,345,2024-04-23,402,5,Dokümantasyon eksikliği
346,346,2024-04-15,50,2,Malzeme uygunsuzluğu
347,347,2024-04-14,50,3,Yüzey kusuru
348,348,2024-05-22,50,2,Boyutsal sapma
349,349,2024-04-20,80,2,Fonksiyon testi başarısız
350,350,2024-05-30,50,2,Malzeme uygunsuzluğu
351,351,2024-05-15,50,2,Dokümantasyon eksikliği
352,352,2024-05-29,35,2,Malzeme uygunsuzluğu
353,353,2024-05-02,50,0,
354,354,2024-06-02,14,0,
355,355,2024-04-29,50,8,Malzeme uygunsuzluğu
356,356,2024-04-21,50,7,Dokümantasyon eksikliği
357,357,2024-05-25,42,5,Dokümantasyon eksikliği
358,358,2024-05-21,41,2,Boyutsal sapma
359,359,2024-04-18,196,6,Malzeme uygunsuzluğu
360,360,2024-04-16,50,0,
361,361,2024-04-19,50,0,
362,362,2024-05-06,64,4,Dokümantasyon eksikliği
363,363,2024-04-22,87,2,Malzeme uygunsuzluğu
364,364,2024-04-25,50,5,Boyutsal sapma
365,365,2024-04-26,255,4,Dokümantasyon eksikliği
366,366,2024-05-29,50,5,Fonksiyon testi başarısız
367,367,2024-04-28,98,4,Malzeme uygunsuzluğu
368,368,2024-04-27,50,4,Boyutsal sapma
369,369,2024-06-05,19,0,
370,370,2024-04-20,517,21,Dokümantasyon eksikliği
371,371,2024-05-20,75,4,Yüzey kusuru
372,372,2024-04-18,563,16,Yüzey kusuru
373,373,2024-05-11,57,3,Yüzey kusuru
374,374,2024-04-23,50,1,Dokümantasyon eksikliği
375,375,2024-04-24,50,2,Boyutsal sapma
376,376,2024-05-06,258,3,Malzeme uygunsuzluğu
377,377,2024-05-27,17,0,
378,378,2024-05-10,50,5,Boyutsal sapma
379,379,2024-04-26,395,14,Fonksiyon testi başarısız
380,380,2024-05-15,50,1,Yüzey kusuru
381,381,2024-04-26,50,1,Boyutsal sapma
382,382,2024-06-13,3,1,Boyutsal sapma
383,383,2024-05-12,50,4,Malzeme uygunsuzluğu
384,384,2024-06-14,50,13,Fonksiyon testi başarısız
385,385,2024-05-29,16,1,Malzeme uygunsuzluğu
386,386,2024-06-02,36,1,Malzeme uygunsuzluğu
387,387,2024-06-13,42,0,
388,388,2024-05-29,17,0,
389,389,2024-05-02,50,2,Fonksiyon testi başarısız
390,390,2024-05-03,50,2,Dokümantasyon eksikliği
391,391,2024-06-04,4,0,
392,392,2024-05-13,50,0,
393,393,2024-05-16,50,0,
394,394,2024-05-09,84,4,Malzeme uygunsuzluğu
395,395,2024-05-03,94,0,
396,396,2024-06-12,1,0,
397,397,2024-05-24,42,0,
398,398,2024-05-20,50,0,
399,399,2024-05-29,25,1,Malzeme uygunsuzluğu
400,400,2024-05-18,50,0,
401,401,2024-05-10,509,38,Dokümantasyon eksikliği
402,402,2024-05-21,30,0,
403,403,2024-04-28,93,2,Dokümantasyon eksikliği
404,404,2024-05-02,124,1,Fonksiyon testi başarısız
405,405,2024-05-28,8,0,
406,406,2024-06-11,7,0,
407,407,2024-05-27,243,0,
408,408,2024-05-05,590,10,Boyutsal sapma
409,409,2024-05-04,50,0,
410,410,2024-05-27,31,0,
411,411,2024-06-13,35,1,Fonksiyon testi başarısız
412,412,2024-05-19,133,4,Boyutsal sapma
413,413,2024-06-04,50,1,Boyutsal sapma
414,414,2024-05-04,50,3,Dokümantasyon eksikliği
415,415,2024-05-28,239,30,Fonksiyon testi başarısız
416,416,2024-05-08,185,2,Yüzey kusuru
417,417,2024-05-23,50,0,
418,418,2024-05-18,68,4,Malzeme uygunsuzluğu
419,419,2024-05-20,80,0,
420,420,2024-05-26,11,0,
421,421,2024-05-05,131,5,Boyutsal sapma
422,422,2024-06-19,4,0,
423,423,2024-06-23,12,1,Malzeme uygunsuzluğu
424,424,2024-05-12,50,1,Yüzey kusuru
425,425,2024-05-30,50,1,Boyutsal sapma
426,426,2024-06-23,50,3,Fonksiyon testi başarısız
427,427,2024-06-08,50,0,
428,428,2024-05-31,50,0,
429,429,2024-05-30,50,1,Malzeme uygunsuzluğu
430,430,2024-06-12,10,0,
431,431,2024-06-18,6,0,
432,432,2024-06-07,50,4,Malzeme uygunsuzluğu
433,433,2024-06-01,50,1,Dokümantasyon eksikliği
434,434,2024-06-19,44,2,Boyutsal sapma
435,435,2024-06-25,12,1,Malzeme uygunsuzluğu
436,436,2024-06-08,13,0,
437,437,2024-05-16,50,3,Yüzey kusuru
438,438,2024-05-28,52,1,Malzeme uygunsuzluğu
439,439,2024-06-22,18,0,
440,440,2024-06-25,23,0,
441,441,2024-06-04,50,8,Yüzey kusuru
442,442,2024-05-25,50,1,Malzeme uygunsuzluğu
443,443,2024-06-12,18,3,Malzeme uygunsuzluğu
444,444,2024-05-20,50,0,
445,445,2024-06-17,50,2,Malzeme uygunsuzluğu
446,446,2024-06-22,50,1,Fonksiyon testi başarısız
447,447,2024-06-15,22,0,
448,448,2024-05-22,50,1,Fonksiyon testi başarısız
449,449,2024-06-19,13,0,
450,450,2024-05-21,50,3,Boyutsal sapma
451,451,2024-06-19,50,1,Malzeme uygunsuzluğu
452,452,2024-05-25,50,5,Fonksiyon testi başarısız
453,453,2024-05-14,55,5,Fonksiyon testi başarısız
454,454,2024-06-24,16,1,Boyutsal sapma
455,455,2024-05-21,50,1,Yüzey kusuru
456,456,2024-05-21,61,9,Malzeme uygunsuzluğu
457,457,2024-05-31,43,6,Malzeme uygunsuzluğu
458,458,2024-06-11,50,2,Malzeme uygunsuzluğu
459,459,2024-07-02,10,0,
460,460,2024-06-10,50,1,Yüzey kusuru
461,461,2024-06-07,21,1,Yüzey kusuru
462,462,2024-05-22,50,4,Yüzey kusuru
463,463,2024-07-03,9,0,
464,464,2024-06-13,21,1,Fonksiyon testi başarısız
465,465,2024-05-27,154,3,Malzeme uygunsuzluğu
466,466,2024-05-31,75,2,Boyutsal sapma
467,467,2024-07-28,6,0,
468,468,2024-07-05,6,0,
469,469,2024-07-04,15,0,
470,470,2024-06-18,20,0,
471,471,2024-06-17,22,0,
472,472,2024-05-28,109,2,Malzeme uygunsuzluğu
473,473,2024-06-12,50,1,Dokümantasyon eksikliği
474,474,2024-07-25,33,1,Fonksiyon testi başarısız
475,475,2024-06-15,50,2,Yüzey kusuru
476,476,2024-06-22,10,0,
477,477,2024-07-03,36,0,
478,478,2024-05-25,50,0,
479,479,2024-06-08,50,1,Yüzey kusuru
480,480,2024-05-19,60,2,Boyutsal sapma
481,481,2024-06-01,103,16,Yüzey kusuru
482,482,2024-05-25,50,5,Malzeme uygunsuzluğu
483,483,2024-07-17,25,0,
484,484,2024-06-06,50,1,Boyutsal sapma
485,485,2024-05-27,270,7,Fonksiyon testi başarısız
486,486,2024-06-01,201,3,Dokümantasyon eksikliği
487,487,2024-07-08,27,0,
488,488,2024-05-30,80,6,Dokümantasyon eksikliği
489,489,2024-05-30,50,0,
490,490,2024-06-20,50,5,Malzeme uygunsuzluğu
491,491,2024-07-14,7,0,
492,492,2024-06-14,50,1,Boyutsal sapma
493,493,2024-05-31,50,6,Malzeme uygunsuzluğu
494,494,2024-06-19,50,6,Yüzey kusuru
495,495,2024-06-21,50,0,
496,496,2024-06-17,25,0,
497,497,2024-06-12,45,0,
498,498,2024-06-17,50,4,Boyutsal sapma
499,499,2024-06-21,50,4,Fonksiyon testi başarısız
500,500,2024-06-30,25,1,Boyutsal sapma
501,501,2024-06-28,16,0,
502,502,2024-07-05,50,3,Fonksiyon testi başarısız
503,503,2024-07-15,15,0,
504,504,2024-07-31,5,0,
505,505,2024-07-11,9,0,
506,506,2024-05-31,50,2,Boyutsal sapma
507,507,2024-07-06,12,0,
508,508,2024-06-11,50,0,
509,509,2024-07-08,15,1,Boyutsal sapma
510,510,2024-06-06,584,42,Boyutsal sapma
511,511,2024-07-12,16,0,
512,512,2024-06-09,73,2,Boyutsal sapma
513,513,2024-07-15,11,1,Dokümantasyon eksikliği
514,514,2024-06-23,50,3,Boyutsal sapma
515,515,2024-07-19,9,4,Boyutsal sapma
516,516,2024-05-29,117,4,Malzeme uygunsuzluğu
517,517,2024-06-21,50,0,
518,518,2024-06-09,40,0,
519,519,2024-07-13,25,0,
520,520,2024-06-06,230,6,Boyutsal sapma
521,521,2024-06-06,156,1,Yüzey kusuru
522,522,2024-06-22,71,7,Boyutsal sapma
523,523,2024-06-02,52,3,Dokümantasyon eksikliği
524,524,2024-06-14,676,13,Yüzey kusuru
525,525,2024-06-21,50,0,
526,526,2024-06-27,50,3,Fonksiyon testi başarısız
527,527,2024-06-27,50,1,Fonksiyon testi başarısız
528,528,2024-07-13,38,3,Fonksiyon testi başarısız
529,529,2024-06-28,74,1,Malzeme uygunsuzluğu
530,530,2024-06-02,50,11,Fonksiyon testi başarısız
531,531,2024-06-14,50,5,Boyutsal sapma
532,532,2024-07-07,31,4,Boyutsal sapma
533,533,2024-06-25,50,0,
534,534,2024-06-30,50,6,Yüzey kusuru
535,535,2024-07-19,50,3,Fonksiyon testi başarısız
536,536,2024-06-22,54,1,Boyutsal sapma
537,537,2024-07-14,14,1,Boyutsal sapma
538,538,2024-06-25,50,0,
539,539,2024-07-04,34,0,
540,540,2024-06-21,50,0,
541,541,2024-06-25,50,0,
542,542,2024-06-15,136,0,
543,543,2024-06-28,50,2,Dokümantasyon eksikliği
544,544,2024-06-17,591,12,Malzeme uygunsuzluğu
545,545,2024-06-15,181,0,
546,546,2024-06-05,98,9,Yüzey kusuru
547,547,2024-06-12,167,2,Dokümantasyon eksikliği
548,548,2024-07-26,18,0,
549,549,2024-06-10,50,0,
550,550,2024-06-07,68,1,Fonksiyon testi başarısız
551,551,2024-07-14,23,1,Boyutsal sapma
552,552,2024-07-14,50,0,
553,553,2024-07-12,50,0,
554,554,2024-07-20,7,0,
555,555,2024-06-10,50,2,Boyutsal sapma
556,556,2024-07-13,50,4,Malzeme uygunsuzluğu
557,557,2024-07-12,47,1,Boyutsal sapma
558,558,2024-07-26,3,0,
559,559,2024-06-20,1344,30,Boyutsal sapma
560,560,2024-07-02,23,1,Boyutsal sapma
561,561,2024-06-30,50,4,Yüzey kusuru
562,562,2024-07-17,42,1,Malzeme uygunsuzluğu
563,563,2024-07-26,25,1,Yüzey kusuru
564,564,2024-07-30,3,0,
565,565,2024-08-05,9,0,
566,566,2024-07-19,48,4,Yüzey kusuru
567,567,2024-06-18,50,1,Dokümantasyon eksikliği
568,568,2024-06-15,50,2,Yüzey kusuru
569,569,2024-07-15,18,2,Malzeme uygunsuzluğu
570,570,2024-06-19,50,0,
571,571,2024-06-25,552,5,Malzeme uygunsuzluğu
572,572,2024-06-24,980,3,Fonksiyon testi başarısız
573,573,2024-06-19,50,0,
574,574,2024-06-27,50,0,
575,575,2024-06-30,50,1,Yüzey kusuru
576,576,2024-06-16,58,1,Boyutsal sapma
577,577,2024-06-23,93,1,Yüzey kusuru
578,578,2024-08-01,10,0,
579,579,2024-07-16,50,1,Fonksiyon testi başarısız
580,580,2024-07-31,36,0,
581,581,2024-07-11,50,2,Malzeme uygunsuzluğu
582,582,2024-07-21,50,0,
583,583,2024-08-25,16,0,
584,584,2024-08-07,23,0,
585,585,2024-07-23,18,2,Fonksiyon testi başarısız
586,586,2024-08-01,13,0,
587,587,2024-07-11,50,4,Yüzey kusuru
588,588,2024-06-25,50,1,Fonksiyon testi başarısız
589,589,2024-07-08,50,0,
590,590,2024-07-29,50,9,Dokümantasyon eksikliği
591,591,2024-06-23,37,0,
592,592,2024-06-24,967,4,Yüzey kusuru
593,593,2024-07-05,50,4,Boyutsal sapma
594,594,2024-07-08,50,3,Boyutsal sapma
595,595,2024-07-19,19,0,
596,596,2024-07-01,1133,11,Boyutsal sapma
597,597,2024-08-05,8,1,Boyutsal sapma
598,598,2024-07-13,50,6,Malzeme uygunsuzluğu
599,599,2024-08-08,6,0,
600,600,2024-07-15,30,0,
601,601,2024-07-13,50,4,Dokümantasyon eksikliği
602,602,2024-07-18,40,1,Yüzey kusuru
603,603,2024-08-30,22,1,Fonksiyon testi başarısız
604,604,2024-07-03,93,3,Yüzey kusuru
605,605,2024-08-15,11,0,
606,606,2024-07-07,50,2,Yüzey kusuru
607,607,2024-08-09,33,3,Yüzey kusuru
608,608,2024-08-17,8,0,
609,609,2024-07-28,50,0,
610,610,2024-08-09,50,1,Fonksiyon testi başarısız
611,611,2024-07-04,50,2,Malzeme uygunsuzluğu
612,612,2024-07-21,50,0,
613,613,2024-08-22,17,0,
614,614,2024-07-27,50,0,
615,615,2024-07-09,36,4,Yüzey kusuru
616,616,2024-07-08,123,10,Boyutsal sapma
617,617,2024-07-28,22,0,
618,618,2024-08-08,20,2,Yüzey kusuru
619,619,2024-08-13,1,0,
620,620,2024-07-29,50,2,Boyutsal sapma
621,621,2024-08-07,15,0,
622,622,2024-07-11,105,5,Yüzey kusuru
623,623,2024-08-18,6,0,
624,624,2024-07-21,18,0,
625,625,2024-07-09,55,7,Dokümantasyon eksikliği
626,626,2024-07-31,31,2,Malzeme uygunsuzluğu
627,627,2024-07-27,50,4,Dokümantasyon eksikliği
628,628,2024-07-27,50,1,Fonksiyon testi başarısız
629,629,2024-08-17,11,1,Boyutsal sapma
630,630,2024-07-13,62,3,Yüzey kusuru
631,631,2024-07-19,918,10,Boyutsal sapma
632,632,2024-08-02,50,0,
633,633,2024-07-23,166,4,Dokümantasyon eksikliği
634,634,2024-07-24,50,1,Malzeme uygunsuzluğu
635,635,2024-08-07,3,0,
636,636,2024-08-28,50,9,Fonksiyon testi başarısız
637,637,2024-07-13,50,2,Dokümantasyon eksikliği
638,638,2024-08-17,50,2,Fonksiyon testi başarısız
639,639,2024-08-18,50,8,Malzeme uygunsuzluğu
640,640,2024-08-14,10,0,
641,641,2024-07-30,50,1,Malzeme uygunsuzluğu
642,642,2024-07-24,50,2,Boyutsal sapma
643,643,2024-08-20,48,1,Yüzey kusuru
644,644,2024-08-24,5,0,
645,645,2024-08-17,30,0,
646,646,2024-07-21,139,3,Boyutsal sapma
647,647,2024-07-20,50,0,
648,648,2024-07-19,286,1,Malzeme uygunsuzluğu
649,649,2024-08-27,50,2,Boyutsal sapma
650,650,2024-07-13,137,9,Boyutsal sapma
651,651,2024-08-01,50,0,
652,652,2024-07-25,1581,11,Fonksiyon testi başarısız
653,653,2024-07-23,61,5,Malzeme uygunsuzluğu
654,654,2024-08-30,8,0,
655,655,2024-08-28,41,1,Boyutsal sapma
656,656,2024-07-28,60,0,
657,657,2024-07-30,50,0,
658,658,2024-08-25,12,1,Dokümantasyon eksikliği
659,659,2024-08-14,14,0,
660,660,2024-08-26,50,1,Malzeme uygunsuzluğu
661,661,2024-08-06,50,0,
662,662,2024-09-03,35,0,
663,663,2024-07-22,50,2,Boyutsal sapma
664,664,2024-09-01,8,0,
665,665,2024-09-12,4,0,
666,666,2024-08-10,50,0,
667,667,2024-08-29,14,0,
668,668,2024-07-23,50,1,Fonksiyon testi başarısız
669,669,2024-08-06,57,0,
670,670,2024-08-03,36,1,Dokümantasyon eksikliği
671,671,2024-08-26,50,6,Dokümantasyon eksikliği
672,672,2024-08-21,50,1,Malzeme uygunsuzluğu
673,673,2024-09-30,7,0,
674,674,2024-08-31,49,1,Boyutsal sapma
675,675,2024-07-31,459,3,Dokümantasyon eksikliği
676,676,2024-08-13,50,0,
677,677,2024-09-08,50,0,
678,678,2024-08-21,50,1,Yüzey kusuru
679,679,2024-08-10,50,1,Fonksiyon testi başarısız
680,680,2024-07-28,50,1,Dokümantasyon eksikliği
681,681,2024-07-25,50,0,
682,682,2024-07-24,50,3,Boyutsal sapma
683,683,2024-08-10,50,3,Boyutsal sapma
684,684,2024-08-22,37,1,Fonksiyon testi başarısız
685,685,2024-09-08,5,0,
686,686,2024-09-06,6,0,
687,687,2024-08-13,50,0,
688,688,2024-09-25,11,0,
689,689,2024-08-14,50,4,Yüzey kusuru
690,690,2024-09-25,37,8,Dokümantasyon eksikliği
691,691,2024-08-25,18,0,
692,692,2024-08-14,39,2,Boyutsal sapma
693,693,2024-07-28,50,3,Fonksiyon testi başarısız
694,694,2024-08-22,50,0,
695,695,2024-08-01,230,2,Malzeme uygunsuzluğu
696,696,2024-08-03,50,3,Yüzey kusuru
697,697,2024-08-31,25,0,
698,698,2024-07-30,354,3,Fonksiyon testi başarısız
699,699,2024-09-09,15,1,Fonksiyon testi başarısız
700,700,2024-09-04,50,0,
701,701,2024-09-12,36,4,Fonksiyon testi başarısız
702,702,2024-08-17,50,1,Yüzey kusuru
703,703,2024-08-01,59,4,Boyutsal sapma
704,704,2024-08-22,33,3,Boyutsal sapma
705,705,2024-09-01,184,1,Yüzey kusuru
706,706,2024-08-04,70,3,Boyutsal sapma
707,707,2024-09-09,31,1,Dokümantasyon eksikliği
708,708,2024-09-11,38,0,
709,709,2024-09-10,50,5,Fonksiyon testi başarısız
710,710,2024-08-09,113,11,Fonksiyon testi başarısız
711,711,2024-08-25,50,4,Dokümantasyon eksikliği
712,712,2024-09-07,24,0,
713,713,2024-08-15,987,31,Yüzey kusuru
714,714,2024-08-13,50,2,Boyutsal sapma
715,715,2024-08-04,50,1,Malzeme uygunsuzluğu
716,716,2024-09-12,50,10,Fonksiyon testi başarısız
717,717,2024-09-12,50,7,Fonksiyon testi başarısız
718,718,2024-08-09,50,1,Fonksiyon testi başarısız
719,719,2024-08-09,304,1,Fonksiyon testi başarısız
720,720,2024-08-08,45,0,
721,721,2024-09-05,15,0,
722,722,2024-10-08,50,4,Malzeme uygunsuzluğu
723,723,2024-08-31,31,0,
724,724,2024-08-24,50,0,
725,725,2024-08-20,50,3,Yüzey kusuru
726,726,2024-08-12,50,2,Dokümantasyon eksikliği
727,727,2024-08-28,50,1,Fonksiyon testi başarısız
728,728,2024-09-17,6,1,Fonksiyon testi başarısız
729,729,2024-08-26,50,0,
730,730,2024-08-17,191,1,Malzeme uygunsuzluğu
731,731,2024-09-13,50,0,
732,732,2024-08-30,15,0,
733,733,2024-09-09,9,0,
734,734,2024-09-25,49,8,Yüzey kusuru
735,735,2024-08-11,50,1,Malzeme uygunsuzluğu
736,736,2024-09-21,7,0,
737,737,2024-09-05,42,5,Boyutsal sapma
738,738,2024-08-12,50,0,
739,739,2024-09-24,25,0,
740,740,2024-09-24,50,2,Yüzey kusuru
741,741,2024-09-12,50,3,Yüzey kusuru
742,742,2024-08-19,50,4,Yüzey kusuru
743,743,2024-08-15,50,2,Boyutsal sapma
744,744,2024-08-17,287,18,Boyutsal sapma
745,745,2024-09-07,36,0,
746,746,2024-08-11,58,1,Dokümantasyon eksikliği
747,747,2024-09-01,50,1,Dokümantasyon eksikliği
748,748,2024-08-20,587,6,Boyutsal sapma
749,749,2024-09-14,6,0,
750,750,2024-09-20,30,0,
751,751,2024-09-03,36,0,
752,752,2024-08-26,208,1,Malzeme uygunsuzluğu
753,753,2024-09-27,23,0,
754,754,2024-09-15,21,1,Boyutsal sapma
755,755,2024-09-09,50,1,Dokümantasyon eksikliği
756,756,2024-08-29,43,2,Yüzey kusuru
757,757,2024-08-27,78,1,Malzeme uygunsuzluğu
758,758,2024-10-13,8,0,
759,759,2024-09-17,6,0,
760,760,2024-08-26,50,5,Malzeme uygunsuzluğu
761,761,2024-08-28,65,3,Yüzey kusuru
762,762,2024-09-07,50,4,Boyutsal sapma
763,763,2024-09-02,247,1,Yüzey kusuru
764,764,2024-09-20,62,11,Boyutsal sapma
765,765,2024-09-24,10,0,
766,766,2024-09-12,50,2,Malzeme uygunsuzluğu
767,767,2024-09-05,34,0,
768,768,2024-10-07,50,1,Dokümantasyon eksikliği
769,769,2024-09-02,255,16,Yüzey kusuru
770,770,2024-09-23,7,2,Yüzey kusuru
771,771,2024-09-18,17,0,
772,772,2024-09-02,225,10,Yüzey kusuru
773,773,2024-10-01,50,0,
774,774,2024-10-10,2,0,
775,775,2024-08-28,50,3,Boyutsal sapma
776,776,2024-09-16,50,2,Boyutsal sapma
777,777,2024-09-11,50,0,
778,778,2024-09-27,50,6,Fonksiyon testi başarısız
779,779,2024-08-31,71,0,
780,780,2024-09-22,40,0,
781,781,2024-09-30,50,0,
782,782,2024-09-02,137,7,Malzeme uygunsuzluğu
783,783,2024-10-06,13,2,Malzeme uygunsuzluğu
784,784,2024-09-14,50,2,Boyutsal sapma
785,785,2024-09-17,137,1,Boyutsal sapma
786,786,2024-09-14,37,2,Malzeme uygunsuzluğu
787,787,2024-09-17,50,0,
788,788,2024-09-19,50,7,Fonksiyon testi başarısız
789,789,2024-10-14,50,1,Boyutsal sapma
790,790,2024-09-09,50,1,Dokümantasyon eksikliği
791,791,2024-08-29,50,0,
792,792,2024-09-01,61,0,
793,793,2024-09-27,14,1,Dokümantasyon eksikliği
794,794,2024-09-25,17,0,
795,795,2024-09-20,52,0,
796,796,2024-10-04,38,0,
797,797,2024-09-21,74,3,Boyutsal sapma
798,798,2024-09-23,50,1,Yüzey kusuru
799,799,2024-09-08,122,2,Dokümantasyon eksikliği
800,800,2024-10-02,3,0,
801,801,2024-10-08,31,1,Yüzey kusuru
802,802,2024-09-06,67,3,Dokümantasyon eksikliği
803,803,2024-10-09,50,2,Dokümantasyon eksikliği
804,804,2024-10-03,50,0,
805,805,2024-09-13,100,1,Boyutsal sapma
806,806,2024-10-11,25,0,
807,807,2024-09-10,52,0,
808,808,2024-10-03,50,2,Dokümantasyon eksikliği
809,809,2024-09-09,130,5,Boyutsal sapma
810,810,2024-09-09,1034,52,Yüzey kusuru
811,811,2024-09-18,50,0,
812,812,2024-09-18,49,1,Dokümantasyon eksikliği
813,813,2024-09-26,87,0,
814,814,2024-10-04,14,0,
815,815,2024-09-27,50,2,Boyutsal sapma
816,816,2024-09-20,40,3,Dokümantasyon eksikliği
817,817,2024-09-06,124,17,Yüzey kusuru
818,818,2024-09-13,386,1,Dokümantasyon eksikliği
819,819,2024-09-19,94,6,Dokümantasyon eksikliği
820,820,2024-09-13,64,0,
821,821,2024-09-08,366,3,Boyutsal sapma
822,822,2024-10-03,50,4,Dokümantasyon eksikliği
823,823,2024-10-04,50,3,Malzeme uygunsuzluğu
824,824,2024-09-07,50,11,Dokümantasyon eksikliği
825,825,2024-10-29,50,2,Yüzey kusuru
826,826,2024-09-15,50,3,Dokümantasyon eksikliği
827,827,2024-09-06,63,3,Fonksiyon testi başarısız
828,828,2024-09-27,39,0,
829,829,2024-09-30,50,1,Dokümantasyon eksikliği
830,830,2024-10-14,7,0,
831,831,2024-09-10,50,1,Dokümantasyon eksikliği
832,832,2024-10-14,33,1,Malzeme uygunsuzluğu
833,833,2024-10-19,50,3,Yüzey kusuru
834,834,2024-10-24,25,0,
835,835,2024-09-28,24,2,Boyutsal sapma
836,836,2024-09-15,206,24,Boyutsal sapma
837,837,2024-10-15,48,0,
838,838,2024-09-28,54,0,
839,839,2024-11-04,8,1,Yüzey kusuru
840,840,2024-09-28,50,0,
841,841,2024-10-31,50,1,Fonksiyon testi başarısız
842,842,2024-09-16,50,0,
843,843,2024-10-01,115,3,Boyutsal sapma
844,844,2024-10-29,19,0,
845,845,2024-09-28,50,0,
846,846,2024-11-20,15,0,
847,847,2024-09-11,145,5,Boyutsal sapma
848,848,2024-10-17,29,0,
849,849,2024-10-10,42,3,Boyutsal sapma
850,850,2024-11-08,50,8,Fonksiyon testi başarısız
851,851,2024-10-27,50,1,Yüzey kusuru
852,852,2024-10-30,11,0,
853,853,2024-10-17,50,2,Malzeme uygunsuzluğu
854,854,2024-10-13,50,1,Malzeme uygunsuzluğu
855,855,2024-10-06,50,7,Dokümantasyon eksikliği
856,856,2024-11-03,14,0,
857,857,2024-10-24,50,1,Boyutsal sapma
858,858,2024-09-22,50,0,
859,859,2024-09-23,41,1,Yüzey kusuru
860,860,2024-10-14,16,0,
861,861,2024-10-30,6,1,Boyutsal sapma
862,862,2024-10-13,50,1,Dokümantasyon eksikliği
863,863,2024-10-01,246,25,Malzeme uygunsuzluğu
864,864,2024-09-21,50,4,Dokümantasyon eksikliği
865,865,2024-10-14,28,0,
866,866,2024-11-01,66,5,Malzeme uygunsuzluğu
867,867,2024-10-13,49,3,Yüzey kusuru
868,868,2024-10-13,51,2,Boyutsal sapma
869,869,2024-09-24,66,6,Fonksiyon testi başarısız
870,870,2024-11-04,50,5,Fonksiyon testi başarısız
871,871,2024-09-26,50,6,Malzeme uygunsuzluğu
872,872,2024-10-05,188,8,Boyutsal sapma
873,873,2024-09-28,50,0,
874,874,2024-10-11,165,2,Yüzey kusuru
875,875,2024-09-26,68,4,Yüzey kusuru
876,876,2024-10-30,50,0,
877,877,2024-10-07,50,0,
878,878,2024-11-26,18,1,Dokümantasyon eksikliği
879,879,2024-10-27,15,0,
880,880,2024-10-22,22,0,
881,881,2024-10-05,373,7,Dokümantasyon eksikliği
882,882,2024-10-07,50,4,Boyutsal sapma
883,883,2024-11-02,50,8,Fonksiyon testi başarısız
884,884,2024-10-01,452,5,Yüzey kusuru
885,885,2024-10-09,46,5,Malzeme uygunsuzluğu
886,886,2024-09-29,52,5,Boyutsal sapma
887,887,2024-10-15,36,0,
888,888,2024-11-16,50,0,
889,889,2024-10-03,786,18,Boyutsal sapma
890,890,2024-10-28,22,0,
891,891,2024-10-05,50,1,Yüzey kusuru
892,892,2024-10-22,50,1,Dokümantasyon eksikliği
893,893,2024-11-06,8,0,
894,894,2024-10-05,50,6,Dokümantasyon eksikliği
895,895,2024-10-05,91,1,Boyutsal sapma
896,896,2024-10-29,42,3,Dokümantasyon eksikliği
897,897,2024-11-01,29,0,
898,898,2024-10-06,50,1,Boyutsal sapma
899,899,2025-01-02,50,1,Malzeme uygunsuzluğu
900,900,2024-10-08,50,4,Dokümantasyon eksikliği
901,901,2024-10-27,50,3,Dokümantasyon eksikliği
902,902,2024-10-29,50,3,Malzeme uygunsuzluğu
903,903,2024-10-22,50,2,Malzeme uygunsuzluğu
904,904,2024-11-06,15,2,Yüzey kusuru
905,905,2024-10-27,50,0,
906,906,2024-11-18,7,1,Yüzey kusuru
907,907,2024-10-07,50,4,Malzeme uygunsuzluğu
908,908,2024-10-13,50,5,Fonksiyon testi başarısız
909,909,2024-10-06,77,4,Yüzey kusuru
910,910,2024-11-22,11,0,
911,911,2024-10-26,50,1,Dokümantasyon eksikliği
912,912,2024-10-30,44,3,Boyutsal sapma
913,913,2024-10-27,50,1,Yüzey kusuru
914,914,2024-11-21,50,1,Boyutsal sapma
915,915,2024-10-29,50,0,
916,916,2024-11-20,25,0,
917,917,2024-11-10,24,1,Boyutsal sapma
918,918,2024-10-09,50,2,Yüzey kusuru
919,919,2024-11-10,12,1,Boyutsal sapma
920,920,2024-11-06,20,1,Yüzey kusuru
921,921,2024-10-14,50,1,Dokümantasyon eksikliği
922,922,2024-10-13,292,0,
923,923,2024-10-10,377,4,Yüzey kusuru
924,924,2024-11-03,50,3,Yüzey kusuru
925,925,2024-11-01,50,4,Yüzey kusuru
926,926,2024-11-23,14,1,Boyutsal sapma
927,927,2024-10-28,50,0,
928,928,2024-11-11,7,0,
929,929,2024-10-28,50,4,Fonksiyon testi başarısız
930,930,2024-10-16,50,4,Fonksiyon testi başarısız
931,931,2024-11-25,27,1,Yüzey kusuru
932,932,2024-11-20,5,0,
933,933,2024-10-29,50,3,Boyutsal sapma
934,934,2024-11-17,39,0,
935,935,2024-10-21,50,0,
936,936,2024-10-18,50,4,Fonksiyon testi başarısız
937,937,2024-11-21,16,0,
938,938,2024-10-18,830,9,Malzeme uygunsuzluğu
939,939,2024-10-20,50,2,Fonksiyon testi başarısız
940,940,2024-11-09,50,2,Fonksiyon testi başarısız
941,941,2024-11-09,50,4,Boyutsal sapma
942,942,2024-11-01,50,0,
943,943,2024-11-20,8,0,
944,944,2024-11-26,34,1,Yüzey kusuru
945,945,2024-11-22,50,2,Malzeme uygunsuzluğu
946,946,2024-11-02,61,5,Fonksiyon testi başarısız
947,947,2024-10-24,249,9,Yüzey kusuru
948,948,2024-10-21,81,4,Yüzey kusuru
949,949,2024-10-23,225,7,Malzeme uygunsuzluğu
950,950,2024-11-14,21,0,
951,951,2024-11-07,50,0,
952,952,2024-11-13,23,0,
953,953,2024-11-11,50,1,Malzeme uygunsuzluğu
954,954,2024-10-31,80,7,Malzeme uygunsuzluğu
955,955,2024-11-25,50,3,Dokümantasyon eksikliği
956,956,2024-11-10,50,3,Fonksiyon testi başarısız
957,957,2024-11-22,26,1,Malzeme uygunsuzluğu
958,958,2024-10-26,50,4,Yüzey kusuru
959,959,2024-11-05,86,1,Yüzey kusuru
960,960,2024-11-20,41,1,Boyutsal sapma
961,961,2024-12-01,10,0,
962,962,2024-11-22,31,0,
963,963,2024-12-04,22,0,
964,964,2024-11-07,50,1,Boyutsal sapma
965,965,2024-11-13,153,3,Malzeme uygunsuzluğu
966,966,2024-11-03,385,31,Boyutsal sapma
967,967,2024-11-03,294,4,Malzeme uygunsuzluğu
968,968,2024-11-22,5,0,
969,969,2024-11-16,19,0,
970,970,2024-12-14,7,0,
971,971,2024-11-09,367,5,Dokümantasyon eksikliği
972,972,2024-11-04,178,6,Malzeme uygunsuzluğu
973,973,2024-12-27,8,0,
974,974,2024-11-30,3,0,
975,975,2024-11-15,43,0,
976,976,2024-12-11,11,0,
977,977,2025-01-10,8,0,
978,978,2024-10-30,50,0,
979,979,2024-10-29,50,2,Yüzey kusuru
980,980,2024-11-08,327,8,Boyutsal sapma
981,981,2024-11-06,109,3,Yüzey kusuru
982,982,2024-11-20,50,1,Malzeme uygunsuzluğu
983,983,2024-12-07,10,0,
984,984,2024-11-04,64,6,Yüzey kusuru
985,985,2024-11-25,50,9,Dokümantasyon eksikliği
986,986,2024-12-17,16,1,Malzeme uygunsuzluğu
987,987,2024-11-04,33,1,Dokümantasyon eksikliği
988,988,2024-12-07,8,0,
989,989,2024-11-04,50,2,Yüzey kusuru
990,990,2024-12-06,50,8,Dokümantasyon eksikliği
991,991,2024-11-16,50,0,
992,992,2024-11-26,22,2,Yüzey kusuru
993,993,2024-11-22,50,2,Yüzey kusuru
994,994,2024-12-14,45,1,Boyutsal sapma
995,995,2024-12-07,2,0,
996,996,2024-12-01,50,3,Dokümantasyon eksikliği
997,997,2024-11-10,50,4,Dokümantasyon eksikliği
998,998,2024-11-25,50,1,Yüzey kusuru
999,999,2024-11-26,50,7,Dokümantasyon eksikliği
1000,1000,2024-11-28,39,3,Boyutsal sapma
1001,1001,2024-11-12,66,5,Boyutsal sapma
1002,1002,2024-11-27,50,3,Yüzey kusuru
1003,1003,2024-11-20,44,0,
1004,1004,2024-12-12,41,6,Yüzey kusuru
1005,1005,2024-12-21,13,0,
1006,1006,2024-12-16,25,1,Boyutsal sapma
1007,1007,2024-12-07,16,0,
1008,1008,2024-12-12,31,1,Malzeme uygunsuzluğu
1009,1009,2024-12-14,104,9,Yüzey kusuru
1010,1010,2024-11-05,50,5,Malzeme uygunsuzluğu
1011,1011,2024-12-06,164,12,Dokümantasyon eksikliği
1012,1012,2024-12-15,15,0,
1013,1013,2024-11-11,72,2,Dokümantasyon eksikliği
1014,1014,2024-11-09,50,1,Dokümantasyon eksikliği
1015,1015,2024-11-15,60,7,Yüzey kusuru
1016,1016,2024-12-01,50,2,Yüzey kusuru
1017,1017,2024-12-11,6,0,
1018,1018,2024-12-05,21,0,
1019,1019,2024-11-27,45,2,Yüzey kusuru
1020,1020,2024-12-07,50,2,Malzeme uygunsuzluğu
1021,1021,2024-12-07,3,0,
1022,1022,2025-01-03,4,0,
1023,1023,2025-01-14,32,5,Dokümantasyon eksikliği
1024,1024,2024-11-16,314,7,Yüzey kusuru
1025,1025,2024-11-20,404,6,Yüzey kusuru
1026,1026,2024-12-14,50,0,
1027,1027,2024-12-06,20,0,
1028,1028,2024-11-13,50,2,Boyutsal sapma
1029,1029,2024-12-28,25,0,
1030,1030,2024-12-19,41,7,Dokümantasyon eksikliği
1031,1031,2024-12-31,50,3,Boyutsal sapma
1032,1032,2024-11-25,255,7,Yüzey kusuru
1033,1033,2024-12-14,19,1,Yüzey kusuru
1034,1034,2025-01-16,10,0,
1035,1035,2024-12-06,81,15,Boyutsal sapma
1036,1036,2024-12-04,50,4,Yüzey kusuru
1037,1037,2024-11-22,520,33,Dokümantasyon eksikliği
1038,1038,2024-11-13,97,0,
1039,1039,2024-11-20,646,9,Malzeme uygunsuzluğu
1040,1040,2024-12-02,50,1,Malzeme uygunsuzluğu
1041,1041,2024-11-30,749,9,Malzeme uygunsuzluğu
1042,1042,2024-11-22,348,12,Boyutsal sapma
1043,1043,2024-12-06,35,1,Dokümantasyon eksikliği
1044,1044,2024-12-05,50,1,Yüzey kusuru
1045,1045,2024-12-13,25,0,
1046,1046,2024-12-11,14,0,
1047,1047,2024-12-08,61,3,Yüzey kusuru
1048,1048,2024-12-11,50,1,Malzeme uygunsuzluğu
1049,1049,2024-12-01,71,1,Malzeme uygunsuzluğu
1050,1050,2024-11-25,91,1,Boyutsal sapma
1051,1051,2025-01-04,5,1,Boyutsal sapma
1052,1052,2024-12-02,34,1,Boyutsal sapma
1053,1053,2024-12-18,50,0,
1054,1054,2024-12-25,6,0,
1055,1055,2025-01-03,46,5,Fonksiyon testi başarısız
1056,1056,2025-01-02,13,0,
1057,1057,2024-11-29,50,1,Fonksiyon testi başarısız
1058,1058,2024-12-19,50,0,
1059,1059,2024-12-09,50,4,Boyutsal sapma
1060,1060,2024-12-12,50,2,Boyutsal sapma
1061,1061,2024-12-22,12,1,Fonksiyon testi başarısız
1062,1062,2024-11-25,50,2,Malzeme uygunsuzluğu
1063,1063,2024-11-29,50,8,Boyutsal sapma
1064,1064,2024-12-19,50,5,Yüzey kusuru
1065,1065,2024-12-28,50,2,Yüzey kusuru
1066,1066,2024-12-28,2,0,
1067,1067,2025-01-09,42,1,Malzeme uygunsuzluğu
1068,1068,2024-12-02,214,7,Yüzey kusuru
1069,1069,2024-12-22,35,1,Dokümantasyon eksikliği
1070,1070,2024-11-30,50,0,
1071,1071,2024-12-18,50,1,Dokümantasyon eksikliği
1072,1072,2024-11-29,50,4,Malzeme uygunsuzluğu
1073,1073,2024-12-16,50,3,Malzeme uygunsuzluğu
1074,1074,2024-12-07,47,0,
1075,1075,2024-12-14,42,2,Boyutsal sapma
1076,1076,2024-12-21,50,3,Dokümantasyon eksikliği
1077,1077,2025-01-04,18,0,
1078,1078,2024-12-19,50,1,Boyutsal sapma
1079,1079,2024-12-18,50,6,Malzeme uygunsuzluğu
1080,1080,2024-12-22,50,1,Yüzey kusuru
1081,1081,2024-12-09,11,0,
1082,1082,2024-12-04,55,4,Malzeme uygunsuzluğu
1083,1083,2024-12-23,50,5,Dokümantasyon eksikliği
1084,1084,2024-12-13,50,6,Boyutsal sapma
1085,1085,2024-12-13,50,2,Boyutsal sapma
1086,1086,2024-12-04,88,2,Fonksiyon testi başarısız
1087,1087,2024-12-07,357,8,Malzeme uygunsuzluğu
1088,1088,2025-01-15,46,2,Yüzey kusuru
1089,1089,2024-12-07,50,0,
1090,1090,2024-12-06,172,8,Malzeme uygunsuzluğu
1091,1091,2024-11-25,50,6,Malzeme uygunsuzluğu
1092,1092,2024-12-18,50,1,Malzeme uygunsuzluğu
1093,1093,2024-12-11,50,3,Yüzey kusuru
1094,1094,2025-01-12,9,0,
1095,1095,2024-12-29,5,0,
1096,1096,2025-01-11,50,2,Dokümantasyon eksikliği
1097,1097,2024-12-18,81,1,Malzeme uygunsuzluğu
1098,1098,2024-12-08,426,4,Malzeme uygunsuzluğu
1099,1099,2024-12-11,50,1,Dokümantasyon eksikliği
1100,1100,2024-12-13,50,2,Boyutsal sapma
1101,1101,2024-12-17,89,2,Yüzey kusuru
1102,1102,2024-12-19,50,0,
1103,1103,2024-12-12,51,0,
1104,1104,2024-12-06,50,5,Fonksiyon testi başarısız
1105,1105,2024-12-14,50,5,Boyutsal sapma
1106,1106,2025-01-18,27,0,
1107,1107,2024-12-16,15,0,
1108,1108,2024-12-06,85,4,Dokümantasyon eksikliği
1109,1109,2024-12-22,50,0,
1110,1110,2024-12-26,50,2,Boyutsal sapma
1111,1111,2024-12-22,50,0,
1112,1112,2024-12-18,50,1,Boyutsal sapma
1113,1113,2025-02-28,7,0,
1114,1114,2024-12-16,259,2,Malzeme uygunsuzluğu
1115,1115,2025-01-18,12,0,
1116,1116,2025-01-17,5,0,
1117,1117,2024-12-25,17,0,
1118,1118,2024-12-23,149,14,Boyutsal sapma
1119,1119,2024-12-10,50,4,Boyutsal sapma
1120,1120,2025-01-24,24,0,
1121,1121,2025-01-29,10,0,
1122,1122,2025-01-23,13,0,
1123,1123,2024-12-27,50,3,Boyutsal sapma
1124,1124,2025-01-27,50,1,Dokümantasyon eksikliği
1125,1125,2024-12-27,280,3,Malzeme uygunsuzluğu
1126,1126,2024-12-26,849,22,Malzeme uygunsuzluğu
1127,1127,2025-01-09,26,1,Dokümantasyon eksikliği
1128,1128,2025-01-09,14,1,Dokümantasyon eksikliği
1129,1129,2025-01-28,4,0,
1130,1130,2025-01-10,50,0,
1131,1131,2024-12-14,96,9,Yüzey kusuru
1132,1132,2025-01-07,50,3,Boyutsal sapma
1133,1133,2025-02-05,12,1,Boyutsal sapma
1134,1134,2024-12-24,50,3,Fonksiyon testi başarısız
1135,1135,2025-01-02,50,0,
1136,1136,2025-01-31,14,0,
1137,1137,2024-12-12,50,6,Dokümantasyon eksikliği
1138,1138,2025-01-12,7,0,
1139,1139,2025-01-28,23,1,Yüzey kusuru
1140,1140,2024-12-17,61,1,Boyutsal sapma
1141,1141,2025-01-02,50,1,Yüzey kusuru
1142,1142,2025-01-10,34,0,
1143,1143,2025-01-19,24,0,
1144,1144,2025-01-20,50,4,Fonksiyon testi başarısız
1145,1145,2025-01-16,31,1,Dokümantasyon eksikliği
1146,1146,2024-12-23,50,2,Malzeme uygunsuzluğu
1147,1147,2025-01-05,50,4,Boyutsal sapma
1148,1148,2025-01-06,27,1,Malzeme uygunsuzluğu
1149,1149,2025-02-02,22,0,
1150,1150,2025-01-20,13,0,
1151,1151,2024-12-21,765,9,Fonksiyon testi başarısız
1152,1152,2025-01-10,50,9,Dokümantasyon eksikliği
1153,1153,2024-12-25,243,2,Yüzey kusuru
1154,1154,2025-01-26,17,0,
1155,1155,2025-01-02,50,2,Yüzey kusuru
1156,1156,2024-12-31,301,1,Yüzey kusuru
1157,1157,2025-01-28,3,0,
1158,1158,2025-01-04,25,1,Fonksiyon testi başarısız
1159,1159,2025-01-10,38,1,Boyutsal sapma
1160,1160,2025-01-27,21,1,Fonksiyon testi başarısız
1161,1161,2025-01-21,50,2,Malzeme uygunsuzluğu
1162,1162,2025-01-10,50,1,Malzeme uygunsuzluğu
1163,1163,2025-01-27,50,2,Dokümantasyon eksikliği
1164,1164,2025-01-07,50,1,Boyutsal sapma
1165,1165,2025-01-24,38,1,Yüzey kusuru
1166,1166,2025-01-29,50,9,Malzeme uygunsuzluğu
1167,1167,2025-01-27,50,6,Malzeme uygunsuzluğu
1168,1168,2024-12-28,149,4,Boyutsal sapma
1169,1169,2024-12-24,121,9,Dokümantasyon eksikliği
1170,1170,2025-02-03,24,0,
1171,1171,2024-12-28,50,2,Boyutsal sapma
1172,1172,2024-12-27,95,0,
1173,1173,2025-01-10,50,3,Dokümantasyon eksikliği
1174,1174,2025-01-11,50,4,Boyutsal sapma
1175,1175,2025-01-16,50,0,
1176,1176,2024-12-31,50,3,Boyutsal sapma
1177,1177,2025-01-18,50,2,Fonksiyon testi başarısız
1178,1178,2025-01-15,50,3,Malzeme uygunsuzluğu
1179,1179,2025-01-21,50,1,Fonksiyon testi başarısız
1180,1180,2025-02-10,4,0,
1181,1181,2025-01-23,50,0,
1182,1182,2025-02-01,16,0,
1183,1183,2025-01-02,56,0,
1184,1184,2025-02-01,6,0,
1185,1185,2025-01-27,50,0,
1186,1186,2025-02-02,50,0,
1187,1187,2025-02-10,50,2,Boyutsal sapma
1188,1188,2025-01-30,18,0,
1189,1189,2025-02-11,17,0,
1190,1190,2025-01-06,50,0,
1191,1191,2025-02-15,12,1,Boyutsal sapma
1192,1192,2025-01-31,50,1,Dokümantasyon eksikliği
1193,1193,2025-02-01,14,1,Yüzey kusuru
1194,1194,2025-01-23,50,0,
1195,1195,2025-01-09,144,9,Fonksiyon testi başarısız
1196,1196,2025-01-13,50,4,Fonksiyon testi başarısız
1197,1197,2025-02-12,18,3,Fonksiyon testi başarısız
1198,1198,2025-01-27,50,0,
1199,1199,2025-02-06,29,0,
1200,1200,2025-01-13,50,1,Boyutsal sapma
1201,1201,2025-02-12,10,1,Boyutsal sapma
1202,1202,2025-01-09,50,0,
1203,1203,2025-02-01,40,1,Malzeme uygunsuzluğu
1204,1204,2025-02-12,14,0,
1205,1205,2025-01-29,31,0,
1206,1206,2025-01-17,345,2,Malzeme uygunsuzluğu
1207,1207,2025-02-06,18,0,
1208,1208,2025-01-08,105,10,Boyutsal sapma
1209,1209,2025-02-12,50,3,Fonksiyon testi başarısız
1210,1210,2025-01-16,440,17,Boyutsal sapma
1211,1211,2025-02-23,24,1,Fonksiyon testi başarısız
1212,1212,2025-02-09,10,0,
1213,1213,2025-01-17,96,6,Boyutsal sapma
1214,1214,2025-02-03,50,1,Boyutsal sapma
1215,1215,2025-02-26,5,0,
1216,1216,2025-02-22,10,0,
1217,1217,2025-02-01,50,1,Boyutsal sapma
1218,1218,2025-02-03,50,3,Yüzey kusuru
1219,1219,2025-02-13,6,2,Boyutsal sapma
1220,1220,2025-01-28,50,0,
1221,1221,2025-03-01,17,0,
1222,1222,2025-03-01,9,1,Boyutsal sapma
1223,1223,2025-02-16,4,0,
1224,1224,2025-02-02,50,1,Fonksiyon testi başarısız
1225,1225,2025-01-11,66,0,
1226,1226,2025-02-05,50,1,Boyutsal sapma
1227,1227,2025-01-29,48,4,Yüzey kusuru
1228,1228,2025-01-14,50,2,Dokümantasyon eksikliği
1229,1229,2025-02-19,5,0,
1230,1230,2025-02-26,15,0,
1231,1231,2025-03-01,50,2,Yüzey kusuru
1232,1232,2025-02-01,50,1,Malzeme uygunsuzluğu
1233,1233,2025-02-12,38,0,
1234,1234,2025-02-16,14,0,
1235,1235,2025-01-22,425,9,Malzeme uygunsuzluğu
1236,1236,2025-02-18,50,1,Boyutsal sapma
1237,1237,2025-02-27,50,7,Fonksiyon testi başarısız
1238,1238,2025-02-08,50,0,
1239,1239,2025-02-24,50,2,Fonksiyon testi başarısız
1240,1240,2025-01-17,85,3,Dokümantasyon eksikliği
1241,1241,2025-02-18,16,1,Yüzey kusuru
1242,1242,2025-02-22,13,0,
1243,1243,2025-02-05,50,0,
1244,1244,2025-02-19,50,1,Yüzey kusuru
1245,1245,2025-02-18,29,0,
1246,1246,2025-02-21,50,0,
1247,1247,2025-02-06,31,0,
1248,1248,2025-01-31,370,1,Malzeme uygunsuzluğu
1249,1249,2025-01-25,1393,9,Dokümantasyon eksikliği
1250,1250,2025-04-03,34,0,
1251,1251,2025-02-26,50,5,Yüzey kusuru
1252,1252,2025-02-23,50,0,
1253,1253,2025-01-29,50,1,Fonksiyon testi başarısız
1254,1254,2025-01-20,50,1,Yüzey kusuru
1255,1255,2025-02-19,50,0,
1256,1256,2025-03-02,50,0,
1257,1257,2025-01-24,50,7,Malzeme uygunsuzluğu
1258,1258,2025-02-12,38,0,
1259,1259,2025-03-24,18,0,
1260,1260,2025-01-30,68,4,Dokümantasyon eksikliği
1261,1261,2025-03-18,21,0,
1262,1262,2025-04-03,50,1,Fonksiyon testi başarısız
1263,1263,2025-02-03,50,7,Dokümantasyon eksikliği
1264,1264,2025-02-11,50,2,Dokümantasyon eksikliği
1265,1265,2025-02-05,99,4,Malzeme uygunsuzluğu
1266,1266,2025-02-03,50,2,Malzeme uygunsuzluğu
1267,1267,2025-02-12,50,2,Boyutsal sapma
1268,1268,2025-04-07,153,11,Malzeme uygunsuzluğu
1269,1269,2025-03-09,14,1,Malzeme uygunsuzluğu
1270,1270,2025-02-01,167,1,Boyutsal sapma
1271,1271,2025-02-14,50,0,
1272,1272,2025-03-10,27,0,
1273,1273,2025-02-26,33,3,Yüzey kusuru
1274,1274,2025-02-09,306,3,Yüzey kusuru
1275,1275,2025-03-15,5,0,
1276,1276,2025-02-02,206,5,Yüzey kusuru
1277,1277,2025-02-14,50,0,
1278,1278,2025-03-06,3,0,
1279,1279,2025-03-20,43,4,Boyutsal sapma
1280,1280,2025-02-04,430,15,Malzeme uygunsuzluğu
1281,1281,2025-03-02,50,6,Boyutsal sapma
1282,1282,2025-03-02,16,0,
1283,1283,2025-02-11,809,16,Boyutsal sapma
1284,1284,2025-02-24,50,0,
1285,1285,2025-03-17,16,0,
1286,1286,2025-03-06,27,0,
1287,1287,2025-02-25,50,2,Fonksiyon testi başarısız
1288,1288,2025-02-19,50,1,Boyutsal sapma
1289,1289,2025-03-09,19,0,
1290,1290,2025-03-10,33,0,
1291,1291,2025-03-12,23,0,
1292,1292,2025-03-17,29,4,Malzeme uygunsuzluğu
1293,1293,2025-03-31,30,0,
1294,1294,2025-02-15,2163,25,Boyutsal sapma
1295,1295,2025-02-20,50,0,
1296,1296,2025-02-21,50,2,Yüzey kusuru
1297,1297,2025-03-02,34,0,
1298,1298,2025-02-27,50,3,Fonksiyon testi başarısız
1299,1299,2025-02-13,50,3,Malzeme uygunsuzluğu
1300,1300,2025-03-03,50,4,Yüzey kusuru
1301,1301,2025-03-28,49,2,Malzeme uygunsuzluğu
1302,1302,2025-03-03,22,0,
1303,1303,2025-02-08,50,2,Dokümantasyon eksikliği
1304,1304,2025-03-20,60,4,Boyutsal sapma
1305,1305,2025-03-04,50,4,Boyutsal sapma
1306,1306,2025-03-21,50,0,
1307,1307,2025-03-31,31,0,
1308,1308,2025-02-24,1030,11,Malzeme uygunsuzluğu
1309,1309,2025-02-27,75,0,
1310,1310,2025-04-04,7,0,
1311,1311,2025-02-11,50,1,Fonksiyon testi başarısız
1312,1312,2025-02-28,50,1,Malzeme uygunsuzluğu
1313,1313,2025-02-18,121,2,Boyutsal sapma
1314,1314,2025-03-21,50,4,Fonksiyon testi başarısız
1315,1315,2025-03-28,28,4,Dokümantasyon eksikliği
1316,1316,2025-02-25,556,3,Yüzey kusuru
1317,1317,2025-04-02,36,0,
1318,1318,2025-03-09,27,0,
1319,1319,2025-02-15,50,3,Boyutsal sapma
1320,1320,2025-02-25,50,4,Yüzey kusuru
1321,1321,2025-02-23,50,0,
1322,1322,2025-03-08,85,0,
1323,1323,2025-02-21,196,1,Fonksiyon testi başarısız
1324,1324,2025-02-21,50,4,Boyutsal sapma
1325,1325,2025-03-10,18,1,Dokümantasyon eksikliği
1326,1326,2025-03-08,50,1,Boyutsal sapma
1327,1327,2025-02-28,50,0,
1328,1328,2025-03-28,15,0,
1329,1329,2025-03-23,50,3,Malzeme uygunsuzluğu
1330,1330,2025-03-29,44,3,Malzeme uygunsuzluğu
1331,1331,2025-02-21,305,4,Yüzey kusuru
1332,1332,2025-03-24,13,0,
1333,1333,2025-04-24,50,0,
1334,1334,2025-04-15,8,0,
1335,1335,2025-03-18,32,2,Boyutsal sapma
1336,1336,2025-02-22,50,1,Malzeme uygunsuzluğu
1337,1337,2025-04-02,50,0,
1338,1338,2025-03-14,55,0,
1339,1339,2025-02-20,50,0,
1340,1340,2025-03-04,325,16,Yüzey kusuru
1341,1341,2025-04-01,50,1,Boyutsal sapma
1342,1342,2025-04-03,6,0,
1343,1343,2025-02-25,50,4,Boyutsal sapma
1344,1344,2025-03-16,50,0,
1345,1345,2025-03-30,17,1,Boyutsal sapma
1346,1346,2025-03-10,34,0,
1347,1347,2025-03-22,50,2,Dokümantasyon eksikliği
1348,1348,2025-03-25,21,0,
1349,1349,2025-03-05,50,0,
1350,1350,2025-03-18,49,0,
1351,1351,2025-03-13,50,2,Boyutsal sapma
1352,1352,2025-03-14,50,2,Boyutsal sapma
1353,1353,2025-03-23,19,0,
1354,1354,2025-03-20,50,5,Boyutsal sapma
1355,1355,2025-02-28,118,8,Boyutsal sapma
1356,1356,2025-04-14,15,0,
1357,1357,2025-03-04,1381,6,Boyutsal sapma
1358,1358,2025-03-06,50,6,Boyutsal sapma
1359,1359,2025-04-12,18,0,
1360,1360,2025-03-13,50,0,
1361,1361,2025-03-31,32,0,
1362,1362,2025-03-07,50,1,Yüzey kusuru
1363,1363,2025-03-14,450,8,Malzeme uygunsuzluğu
1364,1364,2025-03-04,50,6,Yüzey kusuru
1365,1365,2025-03-29,50,3,Fonksiyon testi başarısız
1366,1366,2025-03-23,21,0,
1367,1367,2025-03-08,141,3,Fonksiyon testi başarısız
1368,1368,2025-04-03,9,0,
1369,1369,2025-03-08,91,3,Boyutsal sapma
1370,1370,2025-04-16,23,2,Malzeme uygunsuzluğu
1371,1371,2025-03-16,50,1,Yüzey kusuru
1372,1372,2025-03-17,50,2,Malzeme uygunsuzluğu
1373,1373,2025-03-04,132,2,Malzeme uygunsuzluğu
1374,1374,2025-03-30,50,3,Yüzey kusuru
1375,1375,2025-03-24,26,0,
1376,1376,2025-04-21,26,1,Boyutsal sapma
1377,1377,2025-04-05,18,1,Fonksiyon testi başarısız
1378,1378,2025-04-03,49,2,Yüzey kusuru
1379,1379,2025-03-21,50,7,Malzeme uygunsuzluğu
1380,1380,2025-03-21,56,1,Boyutsal sapma
1381,1381,2025-04-06,18,0,
1382,1382,2025-04-18,26,2,Yüzey kusuru
1383,1383,2025-03-18,50,1,Boyutsal sapma
1384,1384,2025-04-05,44,0,
1385,1385,2025-03-14,550,7,Yüzey kusuru
1386,1386,2025-03-31,13,0,
1387,1387,2025-04-08,49,2,Yüzey kusuru
1388,1388,2025-03-18,173,1,Yüzey kusuru
1389,1389,2025-04-14,50,5,Yüzey kusuru
1390,1390,2025-04-05,25,0,
1391,1391,2025-03-17,162,2,Boyutsal sapma
1392,1392,2025-04-05,50,1,Yüzey kusuru
1393,1393,2025-04-19,50,2,Malzeme uygunsuzluğu
1394,1394,2025-04-19,50,4,Dokümantasyon eksikliği
1395,1395,2025-03-20,50,1,Yüzey kusuru
1396,1396,2025-04-04,50,1,Yüzey kusuru
1397,1397,2025-04-03,41,1,Boyutsal sapma
1398,1398,2025-04-09,39,1,Malzeme uygunsuzluğu
1399,1399,2025-03-26,50,2,Boyutsal sapma
1400,1400,2025-04-03,181,15,Dokümantasyon eksikliği
1401,1401,2025-03-20,108,3,Yüzey kusuru
1402,1402,2025-03-15,1000,15,Malzeme uygunsuzluğu
1403,1403,2025-04-24,7,1,Boyutsal sapma
1404,1404,2025-04-24,2,0,
1405,1405,2025-03-20,228,4,Boyutsal sapma
1406,1406,2025-03-24,68,1,Boyutsal sapma
1407,1407,2025-03-15,50,0,
1408,1408,2025-03-20,533,11,Boyutsal sapma
1409,1409,2025-04-09,38,3,Fonksiyon testi başarısız
1410,1410,2025-04-29,12,0,
1411,1411,2025-05-01,2,0,
1412,1412,2025-03-20,50,4,Dokümantasyon eksikliği
1413,1413,2025-04-23,19,1,Yüzey kusuru
1414,1414,2025-05-01,10,0,
1415,1415,2025-04-18,24,0,
1416,1416,2025-04-09,81,5,Yüzey kusuru
1417,1417,2025-03-17,82,0,
1418,1418,2025-04-05,50,0,
1419,1419,2025-04-06,102,1,Malzeme uygunsuzluğu
1420,1420,2025-04-22,50,1,Boyutsal sapma
1421,1421,2025-04-13,50,0,
1422,1422,2025-04-13,27,0,
1423,1423,2025-03-24,94,2,Malzeme uygunsuzluğu
1424,1424,2025-04-01,50,0,
1425,1425,2025-04-24,10,1,Yüzey kusuru
1426,1426,2025-04-12,50,3,Boyutsal sapma
1427,1427,2025-03-29,950,48,Dokümantasyon eksikliği
1428,1428,2025-03-26,362,11,Yüzey kusuru
1429,1429,2025-05-02,19,1,Fonksiyon testi başarısız
1430,1430,2025-03-22,626,0,
1431,1431,2025-04-06,50,0,
1432,1432,2025-04-16,50,2,Yüzey kusuru
1433,1433,2025-03-23,86,0,
1434,1434,2025-04-16,50,1,Yüzey kusuru
1435,1435,2025-04-21,22,0,
1436,1436,2025-05-02,50,0,
1437,1437,2025-04-07,50,1,Boyutsal sapma
1438,1438,2025-04-15,50,1,Malzeme uygunsuzluğu
1439,1439,2025-04-15,50,5,Boyutsal sapma
1440,1440,2025-04-07,50,4,Malzeme uygunsuzluğu
1441,1441,2025-03-31,173,1,Yüzey kusuru
1442,1442,2025-03-25,55,1,Yüzey kusuru
1443,1443,2025-03-25,45,7,Malzeme uygunsuzluğu
1444,1444,2025-04-05,79,2,Boyutsal sapma
1445,1445,2025-04-18,10,0,
1446,1446,2025-04-10,50,0,
1447,1447,2025-04-12,50,1,Malzeme uygunsuzluğu
1448,1448,2025-04-15,21,0,
1449,1449,2025-05-19,16,0,
1450,1450,2025-04-07,80,0,
1451,1451,2025-04-30,45,1,Dokümantasyon eksikliği
1452,1452,2025-04-01,185,1,Malzeme uygunsuzluğu
1453,1453,2025-05-06,7,1,Boyutsal sapma
1454,1454,2025-04-02,50,5,Boyutsal sapma
1455,1455,2025-04-15,50,1,Dokümantasyon eksikliği
1456,1456,2025-05-14,15,1,Boyutsal sapma
1457,1457,2025-04-21,30,0,
1458,1458,2025-04-21,50,0,
1459,1459,2025-05-16,39,0,
1460,1460,2025-04-24,964,15,Yüzey kusuru
1461,1461,2025-05-17,20,1,Yüzey kusuru
1462,1462,2025-04-15,50,1,Boyutsal sapma
1463,1463,2025-05-18,36,0,
1464,1464,2025-04-12,50,4,Yüzey kusuru
1465,1465,2025-04-08,50,1,Malzeme uygunsuzluğu
1466,1466,2025-04-29,13,0,
1467,1467,2025-04-06,229,4,Yüzey kusuru
1468,1468,2025-05-07,10,0,
1469,1469,2025-04-21,50,3,Fonksiyon testi başarısız
1470,1470,2025-04-22,326,2,Boyutsal sapma
1471,1471,2025-04-28,50,5,Malzeme uygunsuzluğu
1472,1472,2025-04-03,50,5,Yüzey kusuru
1473,1473,2025-04-13,569,6,Yüzey kusuru
1474,1474,2025-05-13,75,2,Fonksiyon testi başarısız
1475,1475,2025-04-30,32,0,
1476,1476,2025-04-28,50,7,Yüzey kusuru
1477,1477,2025-05-10,16,0,
1478,1478,2025-04-06,57,1,Malzeme uygunsuzluğu
1479,1479,2025-04-04,53,2,Boyutsal sapma
1480,1480,2025-04-19,185,2,Boyutsal sapma
1481,1481,2025-05-25,50,2,Dokümantasyon eksikliği
1482,1482,2025-04-15,29,1,Boyutsal sapma
1483,1483,2025-05-08,50,1,Yüzey kusuru
1484,1484,2025-04-17,50,4,Malzeme uygunsuzluğu
1485,1485,2025-04-11,71,4,Yüzey kusuru
1486,1486,2025-05-28,21,1,Dokümantasyon eksikliği
1487,1487,2025-04-22,50,5,Boyutsal sapma
1488,1488,2025-05-02,57,0,
1489,1489,2025-04-13,97,1,Fonksiyon testi başarısız
1490,1490,2025-04-17,30,2,Fonksiyon testi başarısız
1491,1491,2025-04-16,50,1,Dokümantasyon eksikliği
1492,1492,2025-04-14,789,11,Yüzey kusuru
1493,1493,2025-06-14,54,12,Dokümantasyon eksikliği
1494,1494,2025-05-04,50,0,
1495,1495,2025-05-12,36,1,Boyutsal sapma
1496,1496,2025-06-15,16,0,
1497,1497,2025-04-17,165,9,Yüzey kusuru
1498,1498,2025-05-04,9,0,
1499,1499,2025-04-18,50,0,
1500,1500,2025-05-06,50,2,Malzeme uygunsuzluğu
1501,1501,2025-05-06,50,3,Fonksiyon testi başarısız
1502,1502,2025-05-06,39,1,Yüzey kusuru
1503,1503,2025-06-18,50,10,Dokümantasyon eksikliği
1504,1504,2025-05-05,50,4,Boyutsal sapma
1505,1505,2025-04-20,86,1,Yüzey kusuru
1506,1506,2025-05-01,37,0,
1507,1507,2025-05-16,44,6,Fonksiyon testi başarısız
1508,1508,2025-05-03,33,0,
1509,1509,2025-05-27,50,11,Malzeme uygunsuzluğu
1510,1510,2025-05-03,50,0,
1511,1511,2025-05-12,50,1,Dokümantasyon eksikliği
1512,1512,2025-05-17,11,0,
1513,1513,2025-05-02,50,0,
1514,1514,2025-05-07,50,1,Fonksiyon testi başarısız
1515,1515,2025-05-30,50,0,
1516,1516,2025-05-20,46,2,Yüzey kusuru
1517,1517,2025-05-16,9,0,
1518,1518,2025-05-24,22,1,Yüzey kusuru
1519,1519,2025-05-11,50,2,Boyutsal sapma
1520,1520,2025-06-08,2,0,
1521,1521,2025-04-27,50,0,
1522,1522,2025-04-21,76,4,Boyutsal sapma
1523,1523,2025-05-09,50,2,Malzeme uygunsuzluğu
1524,1524,2025-05-17,50,3,Yüzey kusuru
1525,1525,2025-04-22,50,1,Dokümantasyon eksikliği
1526,1526,2025-04-25,336,3,Malzeme uygunsuzluğu
1527,1527,2025-05-23,49,0,
1528,1528,2025-06-27,50,7,Yüzey kusuru
1529,1529,2025-05-18,50,6,Dokümantasyon eksikliği
1530,1530,2025-06-06,35,0,
1531,1531,2025-06-08,12,0,
1532,1532,2025-06-14,4,0,
1533,1533,2025-05-15,50,1,Boyutsal sapma
1534,1534,2025-04-28,198,9,Boyutsal sapma
1535,1535,2025-06-05,4,0,
1536,1536,2025-05-15,53,2,Malzeme uygunsuzluğu
1537,1537,2025-05-27,6,0,
1538,1538,2025-04-25,50,0,
1539,1539,2025-06-01,16,1,Malzeme uygunsuzluğu
1540,1540,2025-05-30,38,4,Fonksiyon testi başarısız
1541,1541,2025-05-22,49,3,Yüzey kusuru
1542,1542,2025-05-29,13,0,
1543,1543,2025-05-07,120,1,Dokümantasyon eksikliği
1544,1544,2025-05-25,12,0,
1545,1545,2025-05-11,55,1,Yüzey kusuru
1546,1546,2025-06-20,29,2,Yüzey kusuru
1547,1547,2025-05-04,50,0,
1548,1548,2025-06-12,22,0,
1549,1549,2025-05-02,50,1,Boyutsal sapma
1550,1550,2025-06-14,9,0,
1551,1551,2025-05-08,58,2,Dokümantasyon eksikliği
1552,1552,2025-05-16,106,10,Dokümantasyon eksikliği
1553,1553,2025-05-21,50,1,Yüzey kusuru
1554,1554,2025-05-08,223,8,Malzeme uygunsuzluğu
1555,1555,2025-05-07,50,0,
1556,1556,2025-05-09,50,7,Yüzey kusuru
1557,1557,2025-05-26,50,7,Yüzey kusuru
1558,1558,2025-05-25,24,0,
1559,1559,2025-06-19,8,0,
1560,1560,2025-05-07,50,4,Malzeme uygunsuzluğu
1561,1561,2025-05-23,46,8,Malzeme uygunsuzluğu
1562,1562,2025-05-07,36,5,Dokümantasyon eksikliği
1563,1563,2025-06-13,77,5,Fonksiyon testi başarısız
1564,1564,2025-06-06,50,3,Malzeme uygunsuzluğu
1565,1565,2025-05-14,71,3,Malzeme uygunsuzluğu
1566,1566,2025-05-27,50,6,Yüzey kusuru
1567,1567,2025-05-12,493,8,Boyutsal sapma
1568,1568,2025-05-11,944,74,Yüzey kusuru
1569,1569,2025-05-07,50,0,
1570,1570,2025-05-07,50,2,Boyutsal sapma
1571,1571,2025-05-30,50,1,Dokümantasyon eksikliği
1572,1572,2025-06-24,3,0,
1573,1573,2025-05-15,71,7,Yüzey kusuru
1574,1574,2025-05-21,50,0,
1575,1575,2025-05-13,571,5,Yüzey kusuru
1576,1576,2025-06-18,50,1,Dokümantasyon eksikliği
1577,1577,2025-05-16,79,5,Malzeme uygunsuzluğu
1578,1578,2025-06-12,50,2,Fonksiyon testi başarısız
1579,1579,2025-05-12,50,2,Dokümantasyon eksikliği
1580,1580,2025-06-14,18,0,
1581,1581,2025-05-24,50,0,
1582,1582,2025-05-14,210,6,Boyutsal sapma
1583,1583,2025-05-15,50,2,Dokümantasyon eksikliği
1584,1584,2025-06-27,50,7,Malzeme uygunsuzluğu
1585,1585,2025-05-13,50,1,Boyutsal sapma
1586,1586,2025-05-16,50,2,Dokümantasyon eksikliği
1587,1587,2025-06-21,50,5,Fonksiyon testi başarısız
1588,1588,2025-05-25,50,3,Yüzey kusuru
1589,1589,2025-05-17,50,3,Malzeme uygunsuzluğu
1590,1590,2025-05-25,50,3,Boyutsal sapma
1591,1591,2025-05-24,525,1,Boyutsal sapma
1592,1592,2025-06-04,46,2,Malzeme uygunsuzluğu
1593,1593,2025-06-05,41,1,Boyutsal sapma
1594,1594,2025-06-17,5,0,
1595,1595,2025-06-08,50,0,
1596,1596,2025-05-29,303,4,Fonksiyon testi başarısız
1597,1597,2025-05-22,50,3,Yüzey kusuru
1598,1598,2025-06-02,50,0,
1599,1599,2025-07-03,7,0,
1600,1600,2025-06-04,55,1,Boyutsal sapma
1601,1601,2025-06-04,50,0,
1602,1602,2025-06-03,50,0,
1603,1603,2025-05-29,307,22,Dokümantasyon eksikliği
1604,1604,2025-06-10,50,0,
1605,1605,2025-06-24,32,0,
1606,1606,2025-06-22,37,1,Fonksiyon testi başarısız
1607,1607,2025-06-11,50,2,Malzeme uygunsuzluğu
1608,1608,2025-05-21,260,8,Yüzey kusuru
1609,1609,2025-05-29,110,4,Yüzey kusuru
1610,1610,2025-06-09,40,1,Boyutsal sapma
1611,1611,2025-06-08,52,2,Fonksiyon testi başarısız
1612,1612,2025-06-13,37,0,
1613,1613,2025-05-27,60,3,Boyutsal sapma
1614,1614,2025-05-28,77,1,Malzeme uygunsuzluğu
1615,1615,2025-06-28,13,2,Yüzey kusuru
1616,1616,2025-06-03,95,1,Dokümantasyon eksikliği
1617,1617,2025-06-11,50,0,
1618,1618,2025-07-08,13,0,
1619,1619,2025-06-11,46,4,Malzeme uygunsuzluğu
1620,1620,2025-06-15,50,3,Yüzey kusuru
1621,1621,2025-06-06,50,0,
1622,1622,2025-07-17,4,0,
1623,1623,2025-07-02,36,7,Malzeme uygunsuzluğu
1624,1624,2025-07-09,1,0,
1625,1625,2025-07-04,50,7,Fonksiyon testi başarısız
1626,1626,2025-06-15,111,1,Boyutsal sapma
1627,1627,2025-06-01,78,0,
1628,1628,2025-06-08,175,2,Malzeme uygunsuzluğu
1629,1629,2025-06-17,50,0,
1630,1630,2025-05-31,50,2,Fonksiyon testi başarısız
1631,1631,2025-06-10,50,4,Yüzey kusuru
1632,1632,2025-07-09,50,5,Dokümantasyon eksikliği
1633,1633,2025-06-19,50,0,
1634,1634,2025-05-30,50,2,Boyutsal sapma
1635,1635,2025-07-10,57,2,Fonksiyon testi başarısız
1636,1636,2025-07-11,5,0,
1637,1637,2025-06-09,26,0,
1638,1638,2025-05-29,74,1,Yüzey kusuru
1639,1639,2025-07-03,43,0,
1640,1640,2025-07-20,50,4,Fonksiyon testi başarısız
1641,1641,2025-06-16,50,9,Malzeme uygunsuzluğu
1642,1642,2025-07-03,6,0,
1643,1643,2025-06-27,50,1,Boyutsal sapma
1644,1644,2025-06-04,230,13,Dokümantasyon eksikliği
1645,1645,2025-06-05,50,2,Dokümantasyon eksikliği
1646,1646,2025-07-04,50,1,Malzeme uygunsuzluğu
1647,1647,2025-06-22,50,1,Dokümantasyon eksikliği
1648,1648,2025-08-02,21,1,Boyutsal sapma
1649,1649,2025-08-09,9,1,Dokümantasyon eksikliği
1650,1650,2025-07-25,8,1,Yüzey kusuru
1651,1651,2025-07-13,48,4,Fonksiyon testi başarısız
1652,1652,2025-07-11,21,1,Boyutsal sapma
1653,1653,2025-06-04,49,2,Boyutsal sapma
1654,1654,2025-06-10,67,6,Malzeme uygunsuzluğu
1655,1655,2025-06-20,50,6,Yüzey kusuru
1656,1656,2025-06-19,50,0,
1657,1657,2025-07-10,50,6,Fonksiyon testi başarısız
1658,1658,2025-06-06,50,3,Malzeme uygunsuzluğu
1659,1659,2025-06-05,90,0,
1660,1660,2025-06-27,9,1,Boyutsal sapma
1661,1661,2025-06-30,50,1,Boyutsal sapma
1662,1662,2025-07-01,24,0,
1663,1663,2025-08-04,32,1,Dokümantasyon eksikliği
1664,1664,2025-07-12,50,7,Fonksiyon testi başarısız
1665,1665,2025-07-08,18,0,
1666,1666,2025-06-26,50,1,Malzeme uygunsuzluğu
1667,1667,2025-06-12,179,4,Yüzey kusuru
1668,1668,2025-07-05,10,0,
1669,1669,2025-07-11,38,7,Fonksiyon testi başarısız
1670,1670,2025-06-14,87,2,Yüzey kusuru
1671,1671,2025-07-04,50,1,Boyutsal sapma
1672,1672,2025-06-21,50,1,Yüzey kusuru
1673,1673,2025-06-19,27,0,
1674,1674,2025-06-17,50,0,
1675,1675,2025-06-18,356,7,Yüzey kusuru
1676,1676,2025-06-07,533,10,Yüzey kusuru
1677,1677,2025-07-07,50,1,Fonksiyon testi başarısız
1678,1678,2025-07-13,18,1,Yüzey kusuru
1679,1679,2025-06-24,50,6,Boyutsal sapma
1680,1680,2025-07-01,58,3,Boyutsal sapma
1681,1681,2025-07-16,50,7,Malzeme uygunsuzluğu
1682,1682,2025-07-14,15,0,
1683,1683,2025-06-10,50,5,Dokümantasyon eksikliği
1684,1684,2025-06-21,50,3,Dokümantasyon eksikliği
1685,1685,2025-06-28,47,3,Yüzey kusuru
1686,1686,2025-07-15,50,4,Boyutsal sapma
1687,1687,2025-07-31,12,1,Boyutsal sapma
1688,1688,2025-06-30,50,1,Dokümantasyon eksikliği
1689,1689,2025-06-15,50,6,Fonksiyon testi başarısız
1690,1690,2025-06-14,50,0,
1691,1691,2025-06-14,50,2,Yüzey kusuru
1692,1692,2025-07-21,25,0,
1693,1693,2025-08-09,29,4,Boyutsal sapma
1694,1694,2025-06-19,50,0,
1695,1695,2025-06-20,50,5,Boyutsal sapma
1696,1696,2025-06-27,378,6,Boyutsal sapma
1697,1697,2025-07-06,50,2,Yüzey kusuru
1698,1698,2025-06-25,395,4,Yüzey kusuru
1699,1699,2025-07-14,50,1,Dokümantasyon eksikliği
1700,1700,2025-07-28,1,0,
1701,1701,2025-06-21,57,3,Dokümantasyon eksikliği
1702,1702,2025-06-18,13,0,
1703,1703,2025-06-29,50,0,
1704,1704,2025-06-23,50,5,Yüzey kusuru
1705,1705,2025-06-24,80,1,Boyutsal sapma
1706,1706,2025-08-05,23,0,
1707,1707,2025-08-13,21,0,
1708,1708,2025-08-07,50,6,Fonksiyon testi başarısız
1709,1709,2025-07-08,7,0,
1710,1710,2025-06-20,81,1,Boyutsal sapma
1711,1711,2025-07-28,2,0,
1712,1712,2025-07-07,10,0,
1713,1713,2025-07-22,50,4,Dokümantasyon eksikliği
1714,1714,2025-07-11,31,0,
1715,1715,2025-07-13,115,5,Yüzey kusuru
1716,1716,2025-08-04,32,0,
1717,1717,2025-07-01,50,0,
1718,1718,2025-07-06,136,4,Boyutsal sapma
1719,1719,2025-07-08,50,4,Malzeme uygunsuzluğu
1720,1720,2025-07-26,6,0,
1721,1721,2025-08-03,43,1,Yüzey kusuru
1722,1722,2025-07-28,27,1,Yüzey kusuru
1723,1723,2025-07-18,50,1,Fonksiyon testi başarısız
1724,1724,2025-06-29,1019,12,Malzeme uygunsuzluğu
1725,1725,2025-07-16,50,3,Dokümantasyon eksikliği
1726,1726,2025-07-30,50,7,Fonksiyon testi başarısız
1727,1727,2025-07-27,16,1,Malzeme uygunsuzluğu
1728,1728,2025-07-11,50,7,Boyutsal sapma
1729,1729,2025-07-01,501,2,Dokümantasyon eksikliği
1730,1730,2025-07-20,50,4,Yüzey kusuru
1731,1731,2025-07-18,50,11,Yüzey kusuru
1732,1732,2025-08-03,50,4,Dokümantasyon eksikliği
1733,1733,2025-08-16,26,2,Dokümantasyon eksikliği
1734,1734,2025-07-06,615,9,Fonksiyon testi başarısız
1735,1735,2025-07-07,50,2,Boyutsal sapma
1736,1736,2025-07-19,59,1,Yüzey kusuru
1737,1737,2025-08-13,33,0,
1738,1738,2025-07-02,194,17,Boyutsal sapma
1739,1739,2025-07-22,33,3,Boyutsal sapma
1740,1740,2025-07-22,326,1,Malzeme uygunsuzluğu
1741,1741,2025-07-10,548,6,Dokümantasyon eksikliği
1742,1742,2025-08-18,39,1,Boyutsal sapma
1743,1743,2025-07-11,230,6,Boyutsal sapma
1744,1744,2025-08-04,50,2,Yüzey kusuru
1745,1745,2025-07-10,1297,18,Yüzey kusuru
1746,1746,2025-07-28,5,1,Malzeme uygunsuzluğu
1747,1747,2025-07-01,50,0,
1748,1748,2025-07-03,100,4,Malzeme uygunsuzluğu
1749,1749,2025-07-12,50,1,Fonksiyon testi başarısız
1750,1750,2025-07-12,50,1,Malzeme uygunsuzluğu
1751,1751,2025-08-20,11,0,
1752,1752,2025-08-01,8,0,
1753,1753,2025-08-17,50,10,Fonksiyon testi başarısız
1754,1754,2025-08-01,50,1,Boyutsal sapma
1755,1755,2025-07-04,50,1,Boyutsal sapma
1756,1756,2025-07-02,50,0,
1757,1757,2025-07-02,53,3,Boyutsal sapma
1758,1758,2025-08-11,50,7,Malzeme uygunsuzluğu
1759,1759,2025-07-05,51,3,Malzeme uygunsuzluğu
1760,1760,2025-07-19,52,0,
1761,1761,2025-08-19,394,6,Yüzey kusuru
1762,1762,2025-08-10,17,2,Fonksiyon testi başarısız
1763,1763,2025-07-10,498,7,Boyutsal sapma
1764,1764,2025-07-31,7,0,
1765,1765,2025-07-16,50,3,Fonksiyon testi başarısız
1766,1766,2025-07-31,50,5,Boyutsal sapma
1767,1767,2025-07-30,50,0,
1768,1768,2025-07-31,50,0,
1769,1769,2025-07-27,50,1,Malzeme uygunsuzluğu
1770,1770,2025-08-03,29,1,Malzeme uygunsuzluğu
1771,1771,2025-07-30,18,5,Yüzey kusuru
1772,1772,2025-08-23,24,2,Yüzey kusuru
1773,1773,2025-08-17,19,0,
1774,1774,2025-07-28,50,0,
1775,1775,2025-07-18,246,19,Yüzey kusuru
1776,1776,2025-08-07,50,4,Fonksiyon testi başarısız
1777,1777,2025-08-06,30,1,Malzeme uygunsuzluğu
1778,1778,2025-08-19,14,1,Yüzey kusuru
1779,1779,2025-08-19,41,3,Boyutsal sapma
1780,1780,2025-10-09,50,11,Fonksiyon testi başarısız
1781,1781,2025-08-16,32,2,Boyutsal sapma
1782,1782,2025-07-24,306,4,Dokümantasyon eksikliği
1783,1783,2025-07-21,50,0,
1784,1784,2025-08-07,50,0,
1785,1785,2025-07-31,50,2,Boyutsal sapma
1786,1786,2025-07-17,139,1,Dokümantasyon eksikliği
1787,1787,2025-07-23,33,4,Yüzey kusuru
1788,1788,2025-08-07,50,4,Yüzey kusuru
1789,1789,2025-08-13,13,1,Malzeme uygunsuzluğu
1790,1790,2025-08-19,33,7,Dokümantasyon eksikliği
1791,1791,2025-07-19,165,3,Yüzey kusuru
1792,1792,2025-08-08,22,0,
1793,1793,2025-08-22,21,0,
1794,1794,2025-07-19,223,11,Malzeme uygunsuzluğu
1795,1795,2025-08-22,25,2,Yüzey kusuru
1796,1796,2025-08-04,50,1,Dokümantasyon eksikliği
1797,1797,2025-07-29,50,0,
1798,1798,2025-07-14,50,1,Fonksiyon testi başarısız
1799,1799,2025-07-21,61,3,Boyutsal sapma
1800,1800,2025-08-09,50,1,Yüzey kusuru
1801,1801,2025-09-05,6,0,
1802,1802,2025-08-08,17,0,
1803,1803,2025-07-29,58,1,Yüzey kusuru
1804,1804,2025-08-18,50,8,Boyutsal sapma
1805,1805,2025-08-14,24,2,Malzeme uygunsuzluğu
1806,1806,2025-07-23,50,7,Malzeme uygunsuzluğu
1807,1807,2025-07-25,62,5,Fonksiyon testi başarısız
1808,1808,2025-08-29,50,5,Fonksiyon testi başarısız
1809,1809,2025-08-22,35,5,Dokümantasyon eksikliği
1810,1810,2025-08-08,50,2,Boyutsal sapma
1811,1811,2025-07-26,854,50,Fonksiyon testi başarısız
1812,1812,2025-07-29,50,1,Malzeme uygunsuzluğu
1813,1813,2025-08-18,29,1,Yüzey kusuru
1814,1814,2025-07-29,50,1,Boyutsal sapma
1815,1815,2025-08-27,23,1,Malzeme uygunsuzluğu
1816,1816,2025-08-05,50,0,
1817,1817,2025-07-31,171,3,Yüzey kusuru
1818,1818,2025-08-31,50,1,Dokümantasyon eksikliği
1819,1819,2025-08-30,50,7,Fonksiyon testi başarısız
1820,1820,2025-08-07,90,6,Dokümantasyon eksikliği
1821,1821,2025-08-04,54,7,Malzeme uygunsuzluğu
1822,1822,2025-08-14,50,3,Boyutsal sapma
1823,1823,2025-08-13,5,0,
1824,1824,2025-07-27,94,1,Malzeme uygunsuzluğu
1825,1825,2025-08-14,50,7,Boyutsal sapma
1826,1826,2025-08-15,50,0,
1827,1827,2025-08-30,30,0,
1828,1828,2025-07-31,464,4,Malzeme uygunsuzluğu
1829,1829,2025-08-11,50,1,Malzeme uygunsuzluğu
1830,1830,2025-07-30,50,5,Fonksiyon testi başarısız
1831,1831,2025-08-11,50,2,Malzeme uygunsuzluğu
1832,1832,2025-08-18,50,1,Boyutsal sapma
1833,1833,2025-09-10,10,1,Malzeme uygunsuzluğu
1834,1834,2025-08-14,50,3,Malzeme uygunsuzluğu
1835,1835,2025-09-02,10,0,
1836,1836,2025-07-26,102,0,
1837,1837,2025-09-06,6,0,
1838,1838,2025-09-08,32,1,Dokümantasyon eksikliği
1839,1839,2025-08-14,50,5,Malzeme uygunsuzluğu
1840,1840,2025-08-24,35,1,Malzeme uygunsuzluğu
1841,1841,2025-09-13,26,0,
1842,1842,2025-08-03,57,0,
1843,1843,2025-08-30,50,1,Malzeme uygunsuzluğu
1844,1844,2025-08-17,37,1,Fonksiyon testi başarısız
1845,1845,2025-09-09,45,5,Fonksiyon testi başarısız
1846,1846,2025-08-10,52,0,
1847,1847,2025-08-05,554,4,Malzeme uygunsuzluğu
1848,1848,2025-08-16,43,0,
1849,1849,2025-08-25,15,0,
1850,1850,2025-09-06,14,0,
1851,1851,2025-08-27,50,1,Fonksiyon testi başarısız
1852,1852,2025-08-16,50,0,
1853,1853,2025-08-01,394,17,Yüzey kusuru
1854,1854,2025-08-02,65,3,Malzeme uygunsuzluğu
1855,1855,2025-07-27,58,0,
1856,1856,2025-07-31,50,2,Malzeme uygunsuzluğu
1857,1857,2025-08-13,149,4,Boyutsal sapma
1858,1858,2025-09-07,31,2,Fonksiyon testi başarısız
1859,1859,2025-08-26,50,0,
1860,1860,2025-08-09,299,1,Yüzey kusuru
1861,1861,2025-08-27,23,0,
1862,1862,2025-08-08,110,2,Boyutsal sapma
1863,1863,2025-09-13,14,0,
1864,1864,2025-09-18,18,0,
1865,1865,2025-08-11,121,2,Boyutsal sapma
1866,1866,2025-09-21,19,0,
1867,1867,2025-10-07,16,0,
1868,1868,2025-10-02,23,3,Fonksiyon testi başarısız
1869,1869,2025-08-14,411,2,Yüzey kusuru
1870,1870,2025-08-26,43,3,Boyutsal sapma
1871,1871,2025-08-27,50,4,Dokümantasyon eksikliği
1872,1872,2025-08-25,40,0,
1873,1873,2025-08-27,50,2,Boyutsal sapma
1874,1874,2025-09-01,50,3,Dokümantasyon eksikliği
1875,1875,2025-09-10,2,0,
1876,1876,2025-09-21,50,4,Fonksiyon testi başarısız
1877,1877,2025-08-11,129,1,Dokümantasyon eksikliği
1878,1878,2025-09-13,50,3,Boyutsal sapma
1879,1879,2025-09-28,3,0,
1880,1880,2025-09-03,50,1,Fonksiyon testi başarısız
1881,1881,2025-09-04,26,3,Yüzey kusuru
1882,1882,2025-09-19,50,1,Boyutsal sapma
1883,1883,2025-08-31,50,1,Yüzey kusuru
1884,1884,2025-09-06,45,0,
1885,1885,2025-09-12,11,1,Yüzey kusuru
1886,1886,2025-08-15,50,4,Malzeme uygunsuzluğu
1887,1887,2025-08-27,50,1,Boyutsal sapma
1888,1888,2025-09-14,2,0,
1889,1889,2025-09-06,50,0,
1890,1890,2025-09-30,18,1,Fonksiyon testi başarısız
1891,1891,2025-08-22,274,4,Malzeme uygunsuzluğu
1892,1892,2025-09-05,50,1,Malzeme uygunsuzluğu
1893,1893,2025-08-23,64,2,Boyutsal sapma
1894,1894,2025-08-31,50,2,Yüzey kusuru
1895,1895,2025-08-31,917,24,Yüzey kusuru
1896,1896,2025-09-28,50,6,Fonksiyon testi başarısız
1897,1897,2025-08-28,50,2,Yüzey kusuru
1898,1898,2025-08-20,50,0,
1899,1899,2025-09-03,65,2,Malzeme uygunsuzluğu
1900,1900,2025-09-07,50,1,Boyutsal sapma
1901,1901,2025-09-07,50,1,Malzeme uygunsuzluğu
1902,1902,2025-08-29,50,1,Boyutsal sapma
1903,1903,2025-08-21,50,4,Fonksiyon testi başarısız
1904,1904,2025-08-25,373,11,Malzeme uygunsuzluğu
1905,1905,2025-09-04,50,1,Dokümantasyon eksikliği
1906,1906,2025-10-02,49,5,Fonksiyon testi başarısız
1907,1907,2025-09-30,3,0,
1908,1908,2025-08-23,50,3,Boyutsal sapma
1909,1909,2025-09-20,50,3,Fonksiyon testi başarısız
1910,1910,2025-09-30,9,0,
1911,1911,2025-08-29,1651,14,Boyutsal sapma
1912,1912,2025-09-22,66,6,Boyutsal sapma
1913,1913,2025-08-24,24,3,Yüzey kusuru
1914,1914,2025-08-31,50,1,Yüzey kusuru
1915,1915,2025-10-04,39,6,Malzeme uygunsuzluğu
1916,1916,2025-09-18,7,0,
1917,1917,2025-08-30,51,1,Yüzey kusuru
1918,1918,2025-09-16,29,0,
1919,1919,2025-09-25,50,2,Malzeme uygunsuzluğu
1920,1920,2025-09-16,50,4,Boyutsal sapma
1921,1921,2025-10-03,50,1,Fonksiyon testi başarısız
1922,1922,2025-09-13,44,3,Yüzey kusuru
1923,1923,2025-09-21,50,0,
1924,1924,2025-09-12,50,3,Malzeme uygunsuzluğu
1925,1925,2025-09-16,50,4,Boyutsal sapma
1926,1926,2025-10-09,13,0,
1927,1927,2025-10-09,7,1,Boyutsal sapma
1928,1928,2025-09-11,50,1,Malzeme uygunsuzluğu
1929,1929,2025-09-16,50,1,Malzeme uygunsuzluğu
1930,1930,2025-09-14,50,1,Boyutsal sapma
1931,1931,2025-09-19,50,1,Malzeme uygunsuzluğu
1932,1932,2025-10-11,14,1,Yüzey kusuru
1933,1933,2025-09-12,133,1,Boyutsal sapma
1934,1934,2025-09-27,8,0,
1935,1935,2025-09-17,36,0,
1936,1936,2025-10-05,14,0,
1937,1937,2025-09-30,26,1,Dokümantasyon eksikliği
1938,1938,2025-10-01,50,4,Dokümantasyon eksikliği
1939,1939,2025-09-04,50,0,
1940,1940,2025-09-18,50,0,
1941,1941,2025-09-01,50,3,Boyutsal sapma
1942,1942,2025-09-27,39,0,
1943,1943,2025-09-03,50,2,Fonksiyon testi başarısız
1944,1944,2025-10-05,5,0,
1945,1945,2025-10-04,50,0,
1946,1946,2025-09-18,50,7,Dokümantasyon eksikliği
1947,1947,2025-09-28,5,0,
1948,1948,2025-10-06,17,0,
1949,1949,2025-09-20,50,2,Fonksiyon testi başarısız
1950,1950,2025-10-20,50,1,Boyutsal sapma
1951,1951,2025-09-05,50,2,Boyutsal sapma
1952,1952,2025-09-13,279,1,Fonksiyon testi başarısız
1953,1953,2025-09-07,884,7,Boyutsal sapma
1954,1954,2025-09-04,149,3,Boyutsal sapma
1955,1955,2025-10-05,17,1,Dokümantasyon eksikliği
1956,1956,2025-11-01,45,1,Boyutsal sapma
1957,1957,2025-09-23,50,0,
1958,1958,2025-10-10,22,0,
1959,1959,2025-09-17,50,1,Yüzey kusuru
1960,1960,2025-09-18,50,0,
1961,1961,2025-09-21,43,1,Boyutsal sapma
1962,1962,2025-09-26,50,5,Malzeme uygunsuzluğu
1963,1963,2025-09-26,50,2,Malzeme uygunsuzluğu
1964,1964,2025-09-20,50,0,
1965,1965,2025-10-11,50,6,Fonksiyon testi başarısız
1966,1966,2025-10-10,50,1,Boyutsal sapma
1967,1967,2025-09-21,50,1,Yüzey kusuru
1968,1968,2025-09-28,50,0,
1969,1969,2025-09-28,56,5,Boyutsal sapma
1970,1970,2025-10-21,30,0,
1971,1971,2025-10-16,42,2,Boyutsal sapma
1972,1972,2025-09-05,66,2,Boyutsal sapma
1973,1973,2025-09-17,63,2,Dokümantasyon eksikliği
1974,1974,2025-10-21,37,2,Fonksiyon testi başarısız
1975,1975,2025-10-23,20,0,
1976,1976,2025-09-13,122,0,
1977,1977,2025-10-08,50,1,Boyutsal sapma
1978,1978,2025-10-04,50,2,Dokümantasyon eksikliği
1979,1979,2025-09-10,54,3,Yüzey kusuru
1980,1980,2025-10-04,50,1,Boyutsal sapma
1981,1981,2025-09-19,291,3,Fonksiyon testi başarısız
1982,1982,2025-10-08,8,1,Yüzey kusuru
1983,1983,2025-10-10,50,4,Malzeme uygunsuzluğu
1984,1984,2025-10-02,50,0,
1985,1985,2025-10-14,32,0,
1986,1986,2025-10-30,16,0,
1987,1987,2025-10-30,13,0,
1988,1988,2025-10-13,50,1,Malzeme uygunsuzluğu
1989,1989,2025-10-03,50,2,Boyutsal sapma
1990,1990,2025-09-23,53,3,Boyutsal sapma
1991,1991,2025-10-29,5,0,
1992,1992,2025-09-21,1249,59,Malzeme uygunsuzluğu
1993,1993,2025-09-19,50,2,Boyutsal sapma
1994,1994,2025-10-16,13,0,
1995,1995,2025-10-23,8,0,
1996,1996,2025-10-06,50,0,
1997,1997,2025-10-09,36,2,Malzeme uygunsuzluğu
1998,1998,2025-09-19,75,5,Dokümantasyon eksikliği
1999,1999,2025-10-04,50,0,
2000,2000,2025-09-28,67,0,
2001,2001,2025-10-29,39,1,Malzeme uygunsuzluğu
2002,2002,2025-10-12,50,2,Yüzey kusuru
2003,2003,2025-09-30,864,14,Malzeme uygunsuzluğu
2004,2004,2025-10-30,10,0,
2005,2005,2025-10-11,48,2,Yüzey kusuru
2006,2006,2025-10-14,50,0,
2007,2007,2025-09-28,254,3,Dokümantasyon eksikliği
2008,2008,2025-10-28,12,1,Yüzey kusuru
2009,2009,2025-10-10,50,6,Yüzey kusuru
2010,2010,2025-10-12,50,0,
2011,2011,2025-10-17,50,0,
2012,2012,2025-10-24,22,2,Malzeme uygunsuzluğu
2013,2013,2025-10-17,45,2,Dokümantasyon eksikliği
2014,2014,2025-10-10,50,0,
2015,2015,2025-11-08,21,3,Fonksiyon testi başarısız
2016,2016,2025-10-19,50,0,
2017,2017,2025-10-08,50,1,Malzeme uygunsuzluğu
2018,2018,2025-11-18,50,7,Boyutsal sapma
2019,2019,2025-10-12,60,0,
2020,2020,2025-11-12,17,0,
2021,2021,2025-10-02,607,29,Malzeme uygunsuzluğu
2022,2022,2025-10-14,49,0,
2023,2023,2025-11-08,33,0,
2024,2024,2025-10-29,36,1,Dokümantasyon eksikliği
2025,2025,2025-10-13,50,0,
2026,2026,2025-10-28,20,0,
2027,2027,2025-10-03,118,2,Boyutsal sapma
2028,2028,2025-12-07,18,7,Fonksiyon testi başarısız
2029,2029,2025-10-19,50,0,
2030,2030,2025-11-28,14,0,
2031,2031,2025-10-25,50,8,Fonksiyon testi başarısız
2032,2032,2025-10-19,29,1,Boyutsal sapma
2033,2033,2025-10-04,50,0,
2034,2034,2025-10-14,262,2,Dokümantasyon eksikliği
2035,2035,2025-10-27,50,1,Malzeme uygunsuzluğu
2036,2036,2025-12-02,27,0,
2037,2037,2025-10-09,50,7,Yüzey kusuru
2038,2038,2025-10-01,50,7,Malzeme uygunsuzluğu
2039,2039,2025-11-06,79,9,Fonksiyon testi başarısız
2040,2040,2025-11-03,9,0,
2041,2041,2025-10-25,50,2,Boyutsal sapma
2042,2042,2025-10-06,50,6,Yüzey kusuru
2043,2043,2025-10-29,50,3,Malzeme uygunsuzluğu
2044,2044,2025-11-09,6,1,Yüzey kusuru
2045,2045,2025-10-27,44,0,
2046,2046,2025-10-25,112,1,Yüzey kusuru
2047,2047,2025-10-20,51,0,
2048,2048,2025-10-22,41,2,Malzeme uygunsuzluğu
2049,2049,2025-11-22,10,1,Dokümantasyon eksikliği
2050,2050,2025-10-09,70,0,
2051,2051,2025-10-26,99,1,Boyutsal sapma
2052,2052,2025-11-05,50,2,Dokümantasyon eksikliği
2053,2053,2025-10-26,50,0,
2054,2054,2025-11-17,9,0,
2055,2055,2025-10-21,50,0,
2056,2056,2025-11-10,8,0,
2057,2057,2025-10-31,29,0,
2058,2058,2025-11-20,20,0,
2059,2059,2025-11-13,50,3,Malzeme uygunsuzluğu
2060,2060,2025-11-20,43,0,
2061,2061,2025-10-31,73,5,Yüzey kusuru
2062,2062,2025-10-21,50,0,
2063,2063,2025-11-16,4,0,
2064,2064,2025-11-05,50,0,
2065,2065,2025-10-17,50,0,
2066,2066,2025-10-22,160,3,Malzeme uygunsuzluğu
2067,2067,2025-10-18,50,2,Malzeme uygunsuzluğu
2068,2068,2025-11-01,50,3,Malzeme uygunsuzluğu
2069,2069,2025-11-02,50,6,Fonksiyon testi başarısız
2070,2070,2025-11-05,50,0,
2071,2071,2025-11-01,38,3,Boyutsal sapma
2072,2072,2025-11-17,11,1,Dokümantasyon eksikliği
2073,2073,2025-11-27,21,0,
2074,2074,2025-11-25,19,1,Dokümantasyon eksikliği
2075,2075,2025-11-14,35,2,Malzeme uygunsuzluğu
2076,2076,2025-11-06,50,1,Boyutsal sapma
2077,2077,2025-10-28,50,1,Fonksiyon testi başarısız
2078,2078,2025-10-23,50,3,Boyutsal sapma
2079,2079,2025-11-12,50,4,Yüzey kusuru
2080,2080,2025-11-16,50,1,Malzeme uygunsuzluğu
2081,2081,2025-11-15,50,1,Yüzey kusuru
2082,2082,2025-10-24,502,2,Yüzey kusuru
2083,2083,2025-10-22,50,0,
2084,2084,2025-11-07,50,1,Yüzey kusuru
2085,2085,2025-11-07,36,2,Boyutsal sapma
2086,2086,2025-11-24,92,5,Boyutsal sapma
2087,2087,2025-12-02,36,2,Dokümantasyon eksikliği
2088,2088,2025-10-14,50,2,Boyutsal sapma
2089,2089,2025-11-10,50,2,Boyutsal sapma
2090,2090,2025-11-22,44,2,Malzeme uygunsuzluğu
2091,2091,2025-11-17,33,0,
2092,2092,2025-11-18,50,0,
2093,2093,2025-11-11,50,1,Boyutsal sapma
2094,2094,2025-11-14,50,3,Yüzey kusuru
2095,2095,2025-11-25,18,1,Dokümantasyon eksikliği
2096,2096,2025-11-10,89,1,Malzeme uygunsuzluğu
2097,2097,2025-11-26,24,0,
2098,2098,2025-11-05,50,1,Malzeme uygunsuzluğu
2099,2099,2025-11-15,50,2,Malzeme uygunsuzluğu
2100,2100,2025-11-27,32,1,Fonksiyon testi başarısız
2101,2101,2025-11-27,50,0,
2102,2102,2025-11-22,21,1,Yüzey kusuru
2103,2103,2025-11-03,50,5,Fonksiyon testi başarısız
2104,2104,2025-11-06,50,3,Dokümantasyon eksikliği
2105,2105,2025-12-06,9,0,
2106,2106,2025-11-16,48,3,Boyutsal sapma
2107,2107,2025-10-26,136,10,Yüzey kusuru
2108,2108,2025-11-09,50,1,Boyutsal sapma
2109,2109,2025-12-03,50,4,Malzeme uygunsuzluğu
2110,2110,2025-10-26,50,0,
2111,2111,2025-10-24,96,3,Malzeme uygunsuzluğu
2112,2112,2025-12-19,39,1,Boyutsal sapma
2113,2113,2025-11-06,291,25,Yüzey kusuru
2114,2114,2025-10-29,320,15,Malzeme uygunsuzluğu
2115,2115,2025-10-31,50,1,Dokümantasyon eksikliği
2116,2116,2025-11-16,75,7,Malzeme uygunsuzluğu
2117,2117,2025-11-28,50,0,
2118,2118,2025-11-06,516,16,Dokümantasyon eksikliği
2119,2119,2025-11-23,50,1,Dokümantasyon eksikliği
2120,2120,2025-11-07,188,4,Malzeme uygunsuzluğu
2121,2121,2025-12-14,11,0,
2122,2122,2025-11-28,7,0,
2123,2123,2025-11-16,50,0,
2124,2124,2025-11-03,50,1,Boyutsal sapma
2125,2125,2025-10-27,50,3,Malzeme uygunsuzluğu
2126,2126,2025-11-20,50,7,Fonksiyon testi başarısız
2127,2127,2025-11-21,50,2,Yüzey kusuru
2128,2128,2025-11-22,44,1,Yüzey kusuru
2129,2129,2025-11-18,50,1,Yüzey kusuru
2130,2130,2025-12-01,7,0,
2131,2131,2025-11-08,63,4,Malzeme uygunsuzluğu
2132,2132,2025-10-31,44,3,Fonksiyon testi başarısız
2133,2133,2025-11-10,183,0,
2134,2134,2025-11-21,50,3,Boyutsal sapma
2135,2135,2025-11-20,50,5,Boyutsal sapma
2136,2136,2025-12-09,50,0,
2137,2137,2025-12-17,9,0,
2138,2138,2025-12-07,13,0,
2139,2139,2025-12-04,13,0,
2140,2140,2025-11-28,10,0,
2141,2141,2025-11-09,50,2,Yüzey kusuru
2142,2142,2025-11-06,50,4,Yüzey kusuru
2143,2143,2025-11-13,55,2,Boyutsal sapma
2144,2144,2025-12-08,11,0,
2145,2145,2025-11-13,50,1,Yüzey kusuru
2146,2146,2025-11-14,337,18,Dokümantasyon eksikliği
2147,2147,2025-12-18,6,1,Boyutsal sapma
2148,2148,2025-12-20,25,0,
2149,2149,2025-11-17,50,0,
2150,2150,2025-11-28,50,1,Yüzey kusuru
2151,2151,2025-11-11,183,12,Boyutsal sapma
2152,2152,2025-11-11,724,55,Malzeme uygunsuzluğu
2153,2153,2025-11-25,55,0,
2154,2154,2025-11-16,259,6,Yüzey kusuru
2155,2155,2025-12-14,24,0,
2156,2156,2025-12-06,11,0,
2157,2157,2026-01-09,29,2,Dokümantasyon eksikliği
2158,2158,2025-11-08,50,4,Yüzey kusuru
2159,2159,2025-12-19,93,12,Fonksiyon testi başarısız
2160,2160,2025-12-15,50,8,Boyutsal sapma
2161,2161,2025-12-02,50,2,Boyutsal sapma
2162,2162,2025-12-26,4,0,
2163,2163,2025-12-17,50,1,Malzeme uygunsuzluğu
2164,2164,2026-01-16,50,1,Boyutsal sapma
2165,2165,2025-11-28,50,0,
2166,2166,2025-11-25,50,0,
2167,2167,2025-12-17,6,0,
2168,2168,2025-12-15,50,0,
2169,2169,2025-12-25,50,9,Boyutsal sapma
2170,2170,2025-12-08,50,0,
2171,2171,2025-12-15,15,0,
2172,2172,2025-11-16,50,4,Boyutsal sapma
2173,2173,2025-11-25,50,0,
2174,2174,2025-12-10,44,3,Boyutsal sapma
2175,2175,2025-12-25,30,2,Fonksiyon testi başarısız
2176,2176,2025-12-18,50,1,Malzeme uygunsuzluğu
2177,2177,2025-12-11,50,3,Boyutsal sapma
2178,2178,2025-12-21,32,0,
2179,2179,2025-12-28,10,0,
2180,2180,2025-12-09,50,4,Yüzey kusuru
2181,2181,2025-11-24,181,0,
2182,2182,2025-12-19,50,3,Fonksiyon testi başarısız
2183,2183,2025-12-17,50,5,Boyutsal sapma
2184,2184,2026-01-02,5,0,
2185,2185,2025-12-29,39,2,Boyutsal sapma
2186,2186,2025-12-17,31,2,Malzeme uygunsuzluğu
2187,2187,2025-12-24,15,0,
2188,2188,2025-12-18,17,1,Boyutsal sapma
2189,2189,2025-12-25,50,0,
2190,2190,2025-12-01,50,1,Dokümantasyon eksikliği
2191,2191,2025-11-24,97,10,Malzeme uygunsuzluğu
2192,2192,2025-12-19,19,0,
2193,2193,2025-12-09,50,1,Yüzey kusuru
2194,2194,2026-01-06,10,0,
2195,2195,2025-12-19,42,2,Yüzey kusuru
2196,2196,2026-02-02,50,5,Fonksiyon testi başarısız
2197,2197,2025-12-28,3,0,
2198,2198,2025-12-29,50,4,Dokümantasyon eksikliği
2199,2199,2026-01-02,40,6,Fonksiyon testi başarısız
2200,2200,2026-01-03,50,7,Dokümantasyon eksikliği
2201,2201,2025-12-09,1602,13,Fonksiyon testi başarısız
2202,2202,2025-12-17,50,2,Malzeme uygunsuzluğu
2203,2203,2025-12-06,723,8,Malzeme uygunsuzluğu
2204,2204,2025-12-25,39,1,Dokümantasyon eksikliği
2205,2205,2025-12-23,8,0,
2206,2206,2025-12-29,50,0,
2207,2207,2025-12-23,14,0,
2208,2208,2025-12-10,46,1,Yüzey kusuru
2209,2209,2025-12-29,50,0,
2210,2210,2025-12-31,7,0,
2211,2211,2025-11-28,87,9,Dokümantasyon eksikliği
2212,2212,2025-11-28,50,4,Boyutsal sapma
2213,2213,2025-11-30,51,3,Malzeme uygunsuzluğu
2214,2214,2025-12-07,50,4,Yüzey kusuru
2215,2215,2025-12-10,57,4,Fonksiyon testi başarısız
2216,2216,2025-12-02,50,4,Yüzey kusuru
2217,2217,2025-12-20,50,5,Fonksiyon testi başarısız
2218,2218,2026-01-03,47,0,
2219,2219,2026-01-06,8,0,
2220,2220,2026-01-11,4,1,Yüzey kusuru
2221,2221,2025-12-15,50,1,Malzeme uygunsuzluğu
2222,2222,2026-01-05,42,0,
2223,2223,2026-01-05,48,5,Fonksiyon testi başarısız
2224,2224,2026-01-15,31,2,Dokümantasyon eksikliği
2225,2225,2025-12-19,61,5,Dokümantasyon eksikliği
2226,2226,2025-12-28,44,2,Boyutsal sapma
2227,2227,2025-12-19,50,1,Fonksiyon testi başarısız
2228,2228,2026-01-06,50,1,Fonksiyon testi başarısız
2229,2229,2025-12-29,14,0,
2230,2230,2026-01-16,11,0,
2231,2231,2025-12-06,134,14,Boyutsal sapma
2232,2232,2026-01-16,20,1,Boyutsal sapma
2233,2233,2025-12-09,185,3,Dokümantasyon eksikliği
2234,2234,2025-12-06,56,1,Fonksiyon testi başarısız
2235,2235,2025-12-06,50,2,Malzeme uygunsuzluğu
2236,2236,2025-12-14,79,1,Fonksiyon testi başarısız
2237,2237,2025-12-27,50,3,Yüzey kusuru
2238,2238,2026-01-01,43,0,
2239,2239,2026-01-17,3,0,
2240,2240,2025-12-15,196,1,Malzeme uygunsuzluğu
2241,2241,2026-01-17,36,3,Fonksiyon testi başarısız
2242,2242,2026-01-30,46,5,Dokümantasyon eksikliği
2243,2243,2026-01-01,50,0,
2244,2244,2025-12-23,65,8,Boyutsal sapma
2245,2245,2025-12-15,50,2,Dokümantasyon eksikliği
2246,2246,2026-01-28,30,0,
2247,2247,2025-12-17,409,7,Boyutsal sapma
2248,2248,2025-12-21,50,0,
2249,2249,2026-01-05,50,1,Boyutsal sapma
2250,2250,2026-01-14,313,25,Malzeme uygunsuzluğu
2251,2251,2025-12-22,50,3,Boyutsal sapma
2252,2252,2026-01-21,29,0,
2253,2253,2026-01-20,11,1,Yüzey kusuru
2254,2254,2026-01-17,7,0,
2255,2255,2025-12-25,50,0,
2256,2256,2026-01-21,7,0,
2257,2257,2025-12-17,86,6,Boyutsal sapma
2258,2258,2026-01-03,50,5,Malzeme uygunsuzluğu
2259,2259,2025-12-20,50,3,Boyutsal sapma
2260,2260,2026-01-10,14,0,
2261,2261,2026-01-24,10,0,
2262,2262,2025-12-22,195,11,Dokümantasyon eksikliği
2263,2263,2025-12-21,50,2,Boyutsal sapma
2264,2264,2025-12-17,50,4,Yüzey kusuru
2265,2265,2025-12-18,50,3,Dokümantasyon eksikliği
2266,2266,2026-01-03,50,5,Malzeme uygunsuzluğu
2267,2267,2026-01-19,50,4,Fonksiyon testi başarısız
2268,2268,2026-02-22,19,0,
2269,2269,2026-01-08,50,5,Fonksiyon testi başarısız
2270,2270,2026-01-16,41,0,
2271,2271,2026-01-21,50,6,Dokümantasyon eksikliği
2272,2272,2026-01-21,50,3,Boyutsal sapma
2273,2273,2026-01-14,13,0,
2274,2274,2025-12-17,50,2,Fonksiyon testi başarısız
2275,2275,2026-01-04,50,0,
2276,2276,2026-01-20,16,0,
2277,2277,2026-01-05,50,0,
2278,2278,2025-12-18,59,3,Boyutsal sapma
2279,2279,2026-01-07,50,1,Malzeme uygunsuzluğu
2280,2280,2026-01-24,35,2,Boyutsal sapma
2281,2281,2026-01-25,5,0,
2282,2282,2026-01-29,15,0,
2283,2283,2026-01-04,39,0,
2284,2284,2025-12-23,536,30,Yüzey kusuru
2285,2285,2026-01-10,50,1,Yüzey kusuru
2286,2286,2025-12-30,50,0,
2287,2287,2025-12-20,50,2,Fonksiyon testi başarısız
2288,2288,2026-02-01,91,12,Fonksiyon testi başarısız
2289,2289,2026-01-03,50,4,Malzeme uygunsuzluğu
2290,2290,2026-01-18,14,0,
2291,2291,2026-01-26,50,4,Fonksiyon testi başarısız
2292,2292,2026-01-24,14,0,
2293,2293,2026-02-06,48,0,
2294,2294,2026-01-13,50,3,Yüzey kusuru
2295,2295,2026-02-04,19,2,Malzeme uygunsuzluğu
2296,2296,2026-01-02,53,1,Dokümantasyon eksikliği
2297,2297,2026-01-02,390,5,Yüzey kusuru
2298,2298,2026-01-30,28,4,Boyutsal sapma
2299,2299,2025-12-30,50,0,
2300,2300,2026-01-24,50,0,
2301,2301,2026-02-01,16,0,
2302,2302,2026-02-15,125,15,Yüzey kusuru
2303,2303,2026-01-11,50,1,Boyutsal sapma
2304,2304,2026-01-15,50,1,Yüzey kusuru
2305,2305,2026-01-12,50,1,Boyutsal sapma
2306,2306,2026-01-22,47,0,
2307,2307,2026-01-19,41,1,Malzeme uygunsuzluğu
2308,2308,2026-01-01,79,3,Malzeme uygunsuzluğu
2309,2309,2026-02-23,76,3,Boyutsal sapma
2310,2310,2026-02-17,13,0,
2311,2311,2026-01-24,50,1,Dokümantasyon eksikliği
2312,2312,2026-01-31,23,1,Malzeme uygunsuzluğu
2313,2313,2026-02-02,42,4,Fonksiyon testi başarısız
2314,2314,2026-01-27,50,1,Dokümantasyon eksikliği
2315,2315,2026-01-15,236,2,Dokümantasyon eksikliği
2316,2316,2026-01-26,16,0,
2317,2317,2026-01-26,50,1,Yüzey kusuru
2318,2318,2026-01-18,21,1,Boyutsal sapma
2319,2319,2026-01-29,50,1,Malzeme uygunsuzluğu
2320,2320,2026-01-25,25,0,
2321,2321,2026-02-06,21,1,Boyutsal sapma
2322,2322,2026-01-06,50,2,Malzeme uygunsuzluğu
2323,2323,2026-01-28,50,0,
2324,2324,2026-01-16,98,2,Boyutsal sapma
2325,2325,2026-02-13,6,0,
2326,2326,2026-01-04,104,2,Yüzey kusuru
2327,2327,2026-02-13,14,0,
2328,2328,2026-01-08,36,5,Boyutsal sapma
2329,2329,2026-01-18,50,1,Dokümantasyon eksikliği
2330,2330,2026-01-23,44,0,
2331,2331,2026-01-24,41,2,Boyutsal sapma
2332,2332,2026-02-04,45,1,Boyutsal sapma
2333,2333,2026-01-24,144,3,Yüzey kusuru
2334,2334,2026-01-11,65,5,Yüzey kusuru
2335,2335,2026-03-10,39,0,
2336,2336,2026-01-04,57,2,Yüzey kusuru
2337,2337,2026-01-26,50,0,
2338,2338,2026-01-29,50,0,
2339,2339,2026-01-26,50,1,Boyutsal sapma
2340,2340,2026-01-09,50,8,Dokümantasyon eksikliği
2341,2341,2026-02-10,119,11,Boyutsal sapma
2342,2342,2026-01-27,50,4,Boyutsal sapma
2343,2343,2026-02-01,50,1,Dokümantasyon eksikliği
2344,2344,2026-01-24,50,0,
2345,2345,2026-02-15,43,2,Fonksiyon testi başarısız
2346,2346,2026-02-12,5,0,
2347,2347,2026-02-03,50,0,
2348,2348,2026-02-05,41,1,Dokümantasyon eksikliği
2349,2349,2026-01-08,54,1,Dokümantasyon eksikliği
2350,2350,2026-02-10,17,0,
2351,2351,2026-01-21,50,7,Boyutsal sapma
2352,2352,2026-01-13,50,2,Fonksiyon testi başarısız
2353,2353,2026-02-04,14,2,Dokümantasyon eksikliği
2354,2354,2026-02-28,7,0,
2355,2355,2026-01-16,50,0,
2356,2356,2026-01-14,832,42,Malzeme uygunsuzluğu
2357,2357,2026-01-11,50,1,Fonksiyon testi başarısız
2358,2358,2026-01-16,541,5,Boyutsal sapma
2359,2359,2026-03-12,181,2,Fonksiyon testi başarısız
2360,2360,2026-02-03,28,0,
2361,2361,2026-01-13,56,6,Yüzey kusuru
2362,2362,2026-02-17,50,0,
2363,2363,2026-01-11,50,1,Malzeme uygunsuzluğu
2364,2364,2026-02-14,50,7,Malzeme uygunsuzluğu
2365,2365,2026-02-03,50,0,
2366,2366,2026-02-23,13,0,
2367,2367,2026-03-06,58,6,Fonksiyon testi başarısız
2368,2368,2026-02-21,40,0,
2369,2369,2026-01-23,330,1,Fonksiyon testi başarısız
2370,2370,2026-02-01,48,2,Dokümantasyon eksikliği
2371,2371,2026-02-24,8,0,
2372,2372,2026-01-21,50,2,Yüzey kusuru
2373,2373,2026-02-04,50,2,Boyutsal sapma
2374,2374,2026-02-18,19,1,Boyutsal sapma
2375,2375,2026-02-22,2,0,
2376,2376,2026-01-27,70,5,Boyutsal sapma
2377,2377,2026-02-15,19,0,
2378,2378,2026-02-13,13,0,
2379,2379,2026-02-03,50,0,
2380,2380,2026-02-18,17,0,
2381,2381,2026-01-17,50,4,Yüzey kusuru
2382,2382,2026-01-18,143,20,Dokümantasyon eksikliği
2383,2383,2026-02-07,30,1,Boyutsal sapma
2384,2384,2026-02-23,16,2,Fonksiyon testi başarısız
2385,2385,2026-03-24,55,6,Fonksiyon testi başarısız
2386,2386,2026-02-26,50,2,Yüzey kusuru
2387,2387,2026-02-09,31,1,Yüzey kusuru
2388,2388,2026-02-26,20,0,
2389,2389,2026-02-23,43,0,
2390,2390,2026-02-15,50,1,Boyutsal sapma
2391,2391,2026-02-06,50,0,
2392,2392,2026-02-21,31,0,
2393,2393,2026-02-08,102,6,Yüzey kusuru
2394,2394,2026-02-13,42,2,Fonksiyon testi başarısız
2395,2395,2026-02-04,63,2,Dokümantasyon eksikliği
2396,2396,2026-02-13,50,2,Fonksiyon testi başarısız
2397,2397,2026-01-22,50,2,Yüzey kusuru
2398,2398,2026-02-11,50,0,
2399,2399,2026-02-26,33,2,Malzeme uygunsuzluğu
2400,2400,2026-01-27,50,1,Boyutsal sapma
2401,2401,2026-02-25,46,1,Malzeme uygunsuzluğu
2402,2402,2026-02-06,37,3,Boyutsal sapma
2403,2403,2026-03-05,20,0,
2404,2404,2026-02-19,50,1,Dokümantasyon eksikliği
2405,2405,2026-01-21,50,2,Boyutsal sapma
2406,2406,2026-02-21,10,0,
2407,2407,2026-02-10,50,2,Boyutsal sapma
2408,2408,2026-01-28,50,7,Yüzey kusuru
2409,2409,2026-01-24,50,1,Malzeme uygunsuzluğu
2410,2410,2026-02-19,50,2,Boyutsal sapma
2411,2411,2026-02-10,50,1,Boyutsal sapma
2412,2412,2026-02-22,13,0,
2413,2413,2026-02-14,50,1,Boyutsal sapma
2414,2414,2026-02-27,11,0,
2415,2415,2026-02-01,344,7,Boyutsal sapma
2416,2416,2026-01-30,50,6,Boyutsal sapma
2417,2417,2026-02-23,14,0,
2418,2418,2026-03-14,19,0,
2419,2419,2026-02-25,27,0,
2420,2420,2026-03-19,50,6,Fonksiyon testi başarısız
2421,2421,2026-03-10,19,4,Malzeme uygunsuzluğu
2422,2422,2026-02-18,43,4,Yüzey kusuru
2423,2423,2026-03-08,20,0,
2424,2424,2026-02-17,50,2,Yüzey kusuru
2425,2425,2026-02-18,50,4,Malzeme uygunsuzluğu
2426,2426,2026-03-08,50,8,Dokümantasyon eksikliği
2427,2427,2026-02-08,50,2,Yüzey kusuru
2428,2428,2026-03-09,50,10,Boyutsal sapma
2429,2429,2026-03-13,10,2,Malzeme uygunsuzluğu
2430,2430,2026-02-20,50,5,Dokümantasyon eksikliği
2431,2431,2026-03-05,12,0,
2432,2432,2026-02-27,50,1,Boyutsal sapma
2433,2433,2026-02-07,50,5,Yüzey kusuru
2434,2434,2026-02-22,50,1,Dokümantasyon eksikliği
2435,2435,2026-03-26,47,0,
2436,2436,2026-03-05,30,2,Malzeme uygunsuzluğu
2437,2437,2026-02-27,27,1,Malzeme uygunsuzluğu
2438,2438,2026-02-23,562,9,Boyutsal sapma
2439,2439,2026-02-09,47,6,Yüzey kusuru
2440,2440,2026-02-28,50,3,Boyutsal sapma
2441,2441,2026-03-22,12,0,
2442,2442,2026-03-03,11,0,
2443,2443,2026-03-14,35,0,
2444,2444,2026-02-02,50,4,Fonksiyon testi başarısız
2445,2445,2026-02-15,50,3,Boyutsal sapma
2446,2446,2026-02-10,64,0,
2447,2447,2026-03-18,14,2,Malzeme uygunsuzluğu
2448,2448,2026-03-16,20,0,
2449,2449,2026-03-11,32,0,
2450,2450,2026-03-08,35,4,Boyutsal sapma
2451,2451,2026-02-13,334,7,Boyutsal sapma
2452,2452,2026-03-25,8,0,
2453,2453,2026-03-12,26,0,
2454,2454,2026-03-11,50,4,Malzeme uygunsuzluğu
2455,2455,2026-02-27,50,5,Malzeme uygunsuzluğu
2456,2456,2026-03-08,50,1,Boyutsal sapma
2457,2457,2026-02-15,320,16,Dokümantasyon eksikliği
2458,2458,2026-02-19,50,2,Malzeme uygunsuzluğu
2459,2459,2026-03-01,50,0,
2460,2460,2026-02-16,50,0,
2461,2461,2026-02-23,141,4,Boyutsal sapma
2462,2462,2026-03-11,13,0,
2463,2463,2026-02-11,27,0,
2464,2464,2026-02-21,45,0,
2465,2465,2026-02-13,50,4,Dokümantasyon eksikliği
2466,2466,2026-02-18,50,0,
2467,2467,2026-02-11,50,5,Boyutsal sapma
2468,2468,2026-02-20,196,0,
2469,2469,2026-02-16,809,12,Boyutsal sapma
2470,2470,2026-02-19,54,0,
2471,2471,2026-02-16,50,1,Boyutsal sapma
2472,2472,2026-03-25,3,0,
2473,2473,2026-02-18,48,5,Boyutsal sapma
2474,2474,2026-03-28,47,2,Malzeme uygunsuzluğu
2475,2475,2026-04-12,15,4,Dokümantasyon eksikliği
2476,2476,2026-03-27,12,0,
2477,2477,2026-03-22,50,0,
2478,2478,2026-03-21,50,0,
2479,2479,2026-03-28,12,0,
2480,2480,2026-02-20,64,0,
2481,2481,2026-02-20,143,4,Malzeme uygunsuzluğu
2482,2482,2026-03-07,50,4,Malzeme uygunsuzluğu
2483,2483,2026-02-13,50,1,Boyutsal sapma
2484,2484,2026-03-19,22,1,Fonksiyon testi başarısız
2485,2485,2026-02-24,81,8,Boyutsal sapma
2486,2486,2026-03-19,11,0,
2487,2487,2026-02-16,50,5,Malzeme uygunsuzluğu
2488,2488,2026-02-22,99,2,Yüzey kusuru
2489,2489,2026-03-25,9,0,
2490,2490,2026-04-16,15,2,Fonksiyon testi başarısız
2491,2491,2026-03-21,6,1,Yüzey kusuru
2492,2492,2026-03-11,50,1,Yüzey kusuru
2493,2493,2026-04-16,6,0,
2494,2494,2026-04-05,17,0,
2495,2495,2026-02-27,210,6,Boyutsal sapma
2496,2496,2026-02-19,50,1,Boyutsal sapma
2497,2497,2026-03-02,50,0,
2498,2498,2026-02-24,93,14,Dokümantasyon eksikliği
2499,2499,2026-02-24,147,4,Fonksiyon testi başarısız
2500,2500,2026-03-02,50,2,Yüzey kusuru
2501,2501,2026-02-25,211,0,
2502,2502,2026-03-11,50,0,
2503,2503,2026-02-20,137,0,
2504,2504,2026-06-01,19,0,
2505,2505,2026-03-30,14,0,
2506,2506,2026-03-03,150,2,Boyutsal sapma
2507,2507,2026-04-25,45,5,Malzeme uygunsuzluğu
2508,2508,2026-03-26,12,1,Yüzey kusuru
2509,2509,2026-03-26,12,1,Yüzey kusuru
2510,2510,2026-03-28,23,0,
2511,2511,2026-03-12,50,0,
2512,2512,2026-03-27,11,0,
2513,2513,2026-02-22,50,5,Malzeme uygunsuzluğu
2514,2514,2026-03-19,26,1,Malzeme uygunsuzluğu
2515,2515,2026-04-01,26,3,Yüzey kusuru
2516,2516,2026-03-30,361,5,Boyutsal sapma
2517,2517,2026-02-28,95,1,Boyutsal sapma
2518,2518,2026-03-14,50,2,Boyutsal sapma
2519,2519,2026-02-25,194,12,Fonksiyon testi başarısız
2520,2520,2026-03-25,26,0,
2521,2521,2026-03-24,16,0,
2522,2522,2026-03-11,73,0,
2523,2523,2026-03-01,132,3,Fonksiyon testi başarısız
2524,2524,2026-03-13,32,3,Yüzey kusuru
2525,2525,2026-03-16,50,0,
2526,2526,2026-03-07,88,2,Boyutsal sapma
2527,2527,2026-02-28,50,0,
2528,2528,2026-04-07,14,1,Boyutsal sapma
2529,2529,2026-04-15,32,1,Fonksiyon testi başarısız
2530,2530,2026-03-20,50,2,Yüzey kusuru
2531,2531,2026-03-04,501,16,Boyutsal sapma
2532,2532,2026-02-27,50,0,
2533,2533,2026-03-18,50,0,
2534,2534,2026-03-30,50,2,Boyutsal sapma
2535,2535,2026-03-24,30,0,
2536,2536,2026-03-24,50,2,Boyutsal sapma
2537,2537,2026-04-05,9,0,
2538,2538,2026-03-17,116,2,Dokümantasyon eksikliği
2539,2539,2026-03-21,54,0,
2540,2540,2026-03-27,54,0,
2541,2541,2026-04-15,8,0,
2542,2542,2026-04-22,10,1,Malzeme uygunsuzluğu
2543,2543,2026-03-06,50,2,Boyutsal sapma
2544,2544,2026-03-29,50,0,
2545,2545,2026-03-17,50,0,
2546,2546,2026-03-08,105,1,Yüzey kusuru
2547,2547,2026-04-18,8,0,
2548,2548,2026-03-07,222,16,Boyutsal sapma
2549,2549,2026-03-12,50,1,Yüzey kusuru
2550,2550,2026-03-29,18,2,Boyutsal sapma
2551,2551,2026-04-08,14,0,
2552,2552,2026-03-21,50,2,Boyutsal sapma
2553,2553,2026-04-08,27,0,
2554,2554,2026-04-14,12,0,
2555,2555,2026-03-13,274,21,Boyutsal sapma
2556,2556,2026-03-12,266,11,Dokümantasyon eksikliği
2557,2557,2026-03-09,50,1,Yüzey kusuru
2558,2558,2026-04-13,25,2,Fonksiyon testi başarısız
2559,2559,2026-04-26,5,0,
2560,2560,2026-04-06,50,0,
2561,2561,2026-03-25,35,0,
2562,2562,2026-04-14,5,0,
2563,2563,2026-03-24,50,0,
2564,2564,2026-04-25,21,0,
2565,2565,2026-03-30,50,1,Dokümantasyon eksikliği
2566,2566,2026-04-23,32,0,
2567,2567,2026-03-20,50,4,Fonksiyon testi başarısız
2568,2568,2026-04-01,34,3,Dokümantasyon eksikliği
2569,2569,2026-04-06,50,2,Boyutsal sapma
2570,2570,2026-04-04,41,0,
2571,2571,2026-03-19,49,3,Yüzey kusuru
2572,2572,2026-03-14,50,1,Boyutsal sapma
2573,2573,2026-03-15,50,3,Malzeme uygunsuzluğu
2574,2574,2026-03-31,50,6,Boyutsal sapma
2575,2575,2026-05-02,20,0,
2576,2576,2026-04-29,1,0,
2577,2577,2026-06-03,15,0,
2578,2578,2026-04-17,31,3,Fonksiyon testi başarısız
2579,2579,2026-04-22,238,4,Boyutsal sapma
2580,2580,2026-04-16,35,0,
2581,2581,2026-03-18,75,2,Dokümantasyon eksikliği
2582,2582,2026-03-19,23,2,Dokümantasyon eksikliği
2583,2583,2026-04-19,16,1,Boyutsal sapma
2584,2584,2026-04-02,53,5,Boyutsal sapma
2585,2585,2026-04-30,5,0,
2586,2586,2026-04-16,30,0,
2587,2587,2026-05-14,8,0,
2588,2588,2026-03-23,50,0,
2589,2589,2026-03-26,175,4,Fonksiyon testi başarısız
2590,2590,2026-05-21,23,0,
2591,2591,2026-03-28,722,7,Fonksiyon testi başarısız
2592,2592,2026-03-13,61,9,Boyutsal sapma
2593,2593,2026-04-03,50,0,
2594,2594,2026-04-04,109,2,Boyutsal sapma
2595,2595,2026-03-23,71,0,
2596,2596,2026-04-29,50,0,
2597,2597,2026-04-10,50,0,
2598,2598,2026-04-17,19,0,
2599,2599,2026-03-27,50,6,Yüzey kusuru
2600,2600,2026-03-25,45,0,
2601,2601,2026-05-01,12,0,
2602,2602,2026-04-11,60,1,Dokümantasyon eksikliği
2603,2603,2026-03-29,67,6,Boyutsal sapma
2604,2604,2026-04-23,36,1,Malzeme uygunsuzluğu
2605,2605,2026-04-06,50,0,
2606,2606,2026-04-18,50,1,Boyutsal sapma
2607,2607,2026-04-18,81,5,Dokümantasyon eksikliği
2608,2608,2026-04-18,50,0,
2609,2609,2026-04-13,50,3,Boyutsal sapma
2610,2610,2026-04-03,50,2,Dokümantasyon eksikliği
2611,2611,2026-03-29,50,0,
2612,2612,2026-04-04,50,0,
2613,2613,2026-05-09,26,1,Malzeme uygunsuzluğu
2614,2614,2026-04-16,50,2,Malzeme uygunsuzluğu
2615,2615,2026-04-29,22,0,
2616,2616,2026-04-08,50,0,
2617,2617,2026-03-29,50,1,Malzeme uygunsuzluğu
2618,2618,2026-04-09,181,1,Malzeme uygunsuzluğu
2619,2619,2026-05-08,50,1,Fonksiyon testi başarısız
2620,2620,2026-04-19,50,0,
2621,2621,2026-04-08,54,3,Dokümantasyon eksikliği
2622,2622,2026-04-15,50,0,
2623,2623,2026-05-13,11,0,
2624,2624,2026-04-07,50,2,Fonksiyon testi başarısız
2625,2625,2026-04-22,50,5,Boyutsal sapma
2626,2626,2026-04-15,50,1,Malzeme uygunsuzluğu
2627,2627,2026-04-11,50,0,
2628,2628,2026-04-06,50,2,Yüzey kusuru
2629,2629,2026-04-23,50,1,Dokümantasyon eksikliği
2630,2630,2026-05-10,5,0,
2631,2631,2026-04-07,101,1,Dokümantasyon eksikliği
2632,2632,2026-04-26,50,0,
2633,2633,2026-04-17,50,1,Malzeme uygunsuzluğu
2634,2634,2026-04-25,50,0,
2635,2635,2026-05-13,50,2,Malzeme uygunsuzluğu
2636,2636,2026-04-13,1569,22,Yüzey kusuru
2637,2637,2026-04-16,74,3,Boyutsal sapma
2638,2638,2026-04-17,117,2,Malzeme uygunsuzluğu
2639,2639,2026-05-17,12,0,
2640,2640,2026-05-13,50,0,
2641,2641,2026-04-18,50,4,Dokümantasyon eksikliği
2642,2642,2026-05-13,37,4,Fonksiyon testi başarısız
2643,2643,2026-04-05,50,3,Fonksiyon testi başarısız
2644,2644,2026-05-21,23,1,Yüzey kusuru
2645,2645,2026-05-11,15,1,Malzeme uygunsuzluğu
2646,2646,2026-05-16,44,0,
2647,2647,2026-04-17,126,2,Yüzey kusuru
2648,2648,2026-05-05,50,0,
2649,2649,2026-04-13,52,2,Fonksiyon testi başarısız
2650,2650,2026-05-09,30,4,Dokümantasyon eksikliği
2651,2651,2026-05-18,50,1,Dokümantasyon eksikliği
2652,2652,2026-05-01,50,0,
2653,2653,2026-05-25,25,1,Boyutsal sapma
2654,2654,2026-04-15,50,2,Malzeme uygunsuzluğu
2655,2655,2026-05-19,16,0,
2656,2656,2026-05-08,50,3,Dokümantasyon eksikliği
2657,2657,2026-05-07,50,2,Dokümantasyon eksikliği
2658,2658,2026-05-04,26,0,
2659,2659,2026-04-25,479,6,Yüzey kusuru
2660,2660,2026-04-26,80,9,Malzeme uygunsuzluğu
2661,2661,2026-04-20,50,0,
2662,2662,2026-04-28,252,11,Boyutsal sapma
2663,2663,2026-05-09,36,2,Boyutsal sapma
2664,2664,2026-05-25,50,5,Fonksiyon testi başarısız
2665,2665,2026-05-29,35,2,Boyutsal sapma
2666,2666,2026-04-28,412,8,Malzeme uygunsuzluğu
2667,2667,2026-06-26,7,0,
2668,2668,2026-04-29,263,1,Boyutsal sapma
2669,2669,2026-05-21,32,1,Dokümantasyon eksikliği
2670,2670,2026-05-07,50,2,Yüzey kusuru
2671,2671,2026-06-03,16,1,Fonksiyon testi başarısız
2672,2672,2026-06-01,50,2,Fonksiyon testi başarısız
2673,2673,2026-05-14,9,0,
2674,2674,2026-05-04,47,0,
2675,2675,2026-05-26,50,4,Boyutsal sapma
2676,2676,2026-05-13,50,0,
2677,2677,2026-05-08,50,1,Boyutsal sapma
2678,2678,2026-05-06,50,1,Dokümantasyon eksikliği
2679,2679,2026-04-28,545,8,Dokümantasyon eksikliği
2680,2680,2026-04-25,50,2,Fonksiyon testi başarısız
2681,2681,2026-06-06,41,0,
2682,2682,2026-04-26,50,4,Fonksiyon testi başarısız
2683,2683,2026-04-27,740,17,Dokümantasyon eksikliği
2684,2684,2026-05-31,113,19,Fonksiyon testi başarısız
2685,2685,2026-05-12,19,1,Dokümantasyon eksikliği
2686,2686,2026-07-02,11,2,Boyutsal sapma
2687,2687,2026-05-09,81,5,Yüzey kusuru
2688,2688,2026-05-08,50,0,
2689,2689,2026-05-07,50,0,
2690,2690,2026-05-03,50,2,Boyutsal sapma
2691,2691,2026-06-01,43,5,Boyutsal sapma
2692,2692,2026-05-31,50,9,Dokümantasyon eksikliği
2693,2693,2026-05-23,30,0,
2694,2694,2026-04-27,50,5,Boyutsal sapma
2695,2695,2026-04-30,51,3,Yüzey kusuru
2696,2696,2026-05-10,25,0,
2697,2697,2026-05-07,14,1,Yüzey kusuru
2698,2698,2026-05-31,65,5,Dokümantasyon eksikliği
2699,2699,2026-05-14,50,1,Boyutsal sapma
2700,2700,2026-05-03,447,0,
2701,2701,2026-05-17,50,2,Yüzey kusuru
2702,2702,2026-05-12,50,5,Boyutsal sapma
2703,2703,2026-04-29,50,5,Yüzey kusuru
2704,2704,2026-04-26,49,4,Boyutsal sapma
2705,2705,2026-05-23,77,3,Malzeme uygunsuzluğu
2706,2706,2026-05-22,26,0,
2707,2707,2026-06-06,18,1,Yüzey kusuru
2708,2708,2026-05-03,50,0,
2709,2709,2026-05-19,45,1,Malzeme uygunsuzluğu
2710,2710,2026-05-27,50,0,
2711,2711,2026-06-02,7,0,
2712,2712,2026-05-15,50,0,
2713,2713,2026-05-12,61,1,Yüzey kusuru
2714,2714,2026-05-03,242,13,Fonksiyon testi başarısız
2715,2715,2026-05-11,287,6,Boyutsal sapma
2716,2716,2026-05-03,325,5,Yüzey kusuru
2717,2717,2026-06-04,50,3,Yüzey kusuru
2718,2718,2026-05-14,50,5,Boyutsal sapma
2719,2719,2026-06-02,50,2,Yüzey kusuru
2720,2720,2026-06-28,19,0,
2721,2721,2026-05-22,210,4,Dokümantasyon eksikliği
2722,2722,2026-06-19,23,0,
2723,2723,2026-05-02,50,0,
2724,2724,2026-06-13,31,0,
2725,2725,2026-06-01,50,0,
2726,2726,2026-05-06,234,3,Dokümantasyon eksikliği
2727,2727,2026-06-30,21,4,Yüzey kusuru
2728,2728,2026-06-11,37,1,Boyutsal sapma
2729,2729,2026-05-10,1099,12,Boyutsal sapma
2730,2730,2026-05-07,60,4,Boyutsal sapma
2731,2731,2026-05-07,63,3,Dokümantasyon eksikliği
2732,2732,2026-06-28,10,0,
2733,2733,2026-05-12,509,30,Boyutsal sapma
2734,2734,2026-06-17,36,0,
2735,2735,2026-05-08,50,4,Malzeme uygunsuzluğu
2736,2736,2026-05-24,74,3,Yüzey kusuru
2737,2737,2026-05-21,50,0,
2738,2738,2026-06-20,18,0,
2739,2739,2026-06-20,50,1,Malzeme uygunsuzluğu
2740,2740,2026-05-30,50,0,
2741,2741,2026-06-07,25,0,
2742,2742,2026-07-09,40,5,Fonksiyon testi başarısız
2743,2743,2026-06-17,25,0,
2744,2744,2026-05-17,159,1,Malzeme uygunsuzluğu
2745,2745,2026-05-27,50,8,Fonksiyon testi başarısız
2746,2746,2026-06-23,7,0,
2747,2747,2026-06-03,50,3,Fonksiyon testi başarısız
2748,2748,2026-06-06,50,0,
2749,2749,2026-05-31,50,1,Malzeme uygunsuzluğu
2750,2750,2026-05-18,127,6,Fonksiyon testi başarısız
2751,2751,2026-05-17,81,0,
2752,2752,2026-06-11,19,1,Yüzey kusuru
2753,2753,2026-05-31,52,2,Malzeme uygunsuzluğu
2754,2754,2026-06-13,31,0,
2755,2755,2026-05-17,136,10,Malzeme uygunsuzluğu
2756,2756,2026-05-09,54,5,Yüzey kusuru
2757,2757,2026-05-18,50,1,Yüzey kusuru
2758,2758,2026-05-30,50,1,Malzeme uygunsuzluğu
2759,2759,2026-06-03,50,0,
2760,2760,2026-06-04,50,0,
2761,2761,2026-06-16,50,0,
2762,2762,2026-05-30,10,1,Dokümantasyon eksikliği
2763,2763,2026-06-27,12,0,
2764,2764,2026-05-27,50,2,Malzeme uygunsuzluğu
2765,2765,2026-06-20,21,0,
2766,2766,2026-05-25,66,2,Malzeme uygunsuzluğu
2767,2767,2026-06-07,50,0,
2768,2768,2026-05-20,50,6,Yüzey kusuru
2769,2769,2026-05-27,90,0,
2770,2770,2026-06-10,50,7,Boyutsal sapma
2771,2771,2026-06-04,50,0,
2772,2772,2026-05-26,50,0,
2773,2773,2026-07-07,36,1,Dokümantasyon eksikliği
2774,2774,2026-06-21,23,1,Boyutsal sapma
2775,2775,2026-06-10,50,1,Yüzey kusuru
2776,2776,2026-05-17,50,0,
2777,2777,2026-06-06,55,0,
2778,2778,2026-06-19,36,2,Yüzey kusuru
2779,2779,2026-07-19,8,0,
2780,2780,2026-06-07,50,1,Boyutsal sapma
2781,2781,2026-06-11,68,1,Malzeme uygunsuzluğu
2782,2782,2026-05-25,50,0,
2783,2783,2026-05-28,108,2,Fonksiyon testi başarısız
2784,2784,2026-06-21,50,5,Yüzey kusuru
2785,2785,2026-07-06,7,0,
2786,2786,2026-07-06,29,1,Dokümantasyon eksikliği
2787,2787,2026-05-29,419,3,Malzeme uygunsuzluğu
2788,2788,2026-05-28,50,5,Malzeme uygunsuzluğu
2789,2789,2026-05-26,50,4,Yüzey kusuru
2790,2790,2026-05-25,50,0,
2791,2791,2026-07-07,21,1,Yüzey kusuru
2792,2792,2026-05-29,67,2,Malzeme uygunsuzluğu
2793,2793,2026-06-04,73,0,
2794,2794,2026-05-29,55,0,
2795,2795,2026-06-15,45,4,Dokümantasyon eksikliği
2796,2796,2026-07-01,50,3,Dokümantasyon eksikliği
2797,2797,2026-07-12,15,0,
2798,2798,2026-06-17,50,2,Fonksiyon testi başarısız
2799,2799,2026-06-05,50,1,Yüzey kusuru
2800,2800,2026-07-07,50,0,
2801,2801,2026-06-02,50,1,Dokümantasyon eksikliği
2802,2802,2026-06-03,37,3,Boyutsal sapma
2803,2803,2026-07-08,20,1,Fonksiyon testi başarısız
2804,2804,2026-06-13,50,1,Dokümantasyon eksikliği
2805,2805,2026-06-27,16,0,
2806,2806,2026-07-13,6,0,
2807,2807,2026-05-28,39,0,
2808,2808,2026-05-31,173,2,Malzeme uygunsuzluğu
2809,2809,2026-06-09,213,12,Fonksiyon testi başarısız
2810,2810,2026-06-04,115,1,Malzeme uygunsuzluğu
2811,2811,2026-07-15,3,0,
2812,2812,2026-07-10,50,0,
2813,2813,2026-07-05,50,2,Fonksiyon testi başarısız
2814,2814,2026-06-25,18,0,
2815,2815,2026-05-31,69,0,
2816,2816,2026-07-17,50,2,Dokümantasyon eksikliği
2817,2817,2026-06-04,67,9,Boyutsal sapma
2818,2818,2026-07-14,35,2,Fonksiyon testi başarısız
2819,2819,2026-06-05,50,0,
2820,2820,2026-07-20,15,0,
2821,2821,2026-07-17,50,3,Fonksiyon testi başarısız
2822,2822,2026-06-01,50,1,Boyutsal sapma
2823,2823,2026-07-05,20,1,Malzeme uygunsuzluğu
2824,2824,2026-06-04,50,5,Malzeme uygunsuzluğu
2825,2825,2026-06-11,50,0,
2826,2826,2026-06-09,50,1,Dokümantasyon eksikliği
2827,2827,2026-06-17,50,2,Boyutsal sapma
2828,2828,2026-07-17,50,0,
2829,2829,2026-07-19,21,1,Fonksiyon testi başarısız
2830,2830,2026-07-13,11,1,Boyutsal sapma
2831,2831,2026-06-09,601,5,Boyutsal sapma
2832,2832,2026-08-11,20,0,
2833,2833,2026-07-10,11,1,Yüzey kusuru
2834,2834,2026-06-07,41,5,Yüzey kusuru
2835,2835,2026-06-27,50,1,Boyutsal sapma
2836,2836,2026-07-21,6,0,
2837,2837,2026-07-02,43,0,
2838,2838,2026-06-15,50,1,Yüzey kusuru
2839,2839,2026-07-08,48,12,Dokümantasyon eksikliği
2840,2840,2026-06-11,1186,10,Yüzey kusuru
2841,2841,2026-06-08,226,2,Fonksiyon testi başarısız
2842,2842,2026-06-10,50,1,Yüzey kusuru
2843,2843,2026-06-25,26,2,Dokümantasyon eksikliği
2844,2844,2026-06-30,50,4,Malzeme uygunsuzluğu
2845,2845,2026-06-28,50,1,Malzeme uygunsuzluğu
2846,2846,2026-07-06,32,2,Malzeme uygunsuzluğu
2847,2847,2026-07-03,417,4,Boyutsal sapma
2848,2848,2026-06-05,18,0,
2849,2849,2026-06-11,50,4,Dokümantasyon eksikliği
2850,2850,2026-06-14,51,2,Yüzey kusuru
2851,2851,2026-07-27,15,0,
2852,2852,2026-07-03,40,0,
2853,2853,2026-07-07,50,1,Boyutsal sapma
2854,2854,2026-07-07,47,0,
2855,2855,2026-07-11,39,4,Malzeme uygunsuzluğu
2856,2856,2026-07-24,6,0,
2857,2857,2026-07-01,50,0,
2858,2858,2026-07-05,50,0,
2859,2859,2026-08-05,5,0,
2860,2860,2026-06-14,160,10,Boyutsal sapma
2861,2861,2026-07-02,47,3,Dokümantasyon eksikliği
2862,2862,2026-08-02,14,0,
2863,2863,2026-06-26,129,1,Malzeme uygunsuzluğu
2864,2864,2026-07-05,29,0,
2865,2865,2026-07-24,6,0,
2866,2866,2026-06-16,161,7,Boyutsal sapma
2867,2867,2026-06-19,50,1,Yüzey kusuru
2868,2868,2026-06-19,75,0,
2869,2869,2026-06-20,50,5,Malzeme uygunsuzluğu
2870,2870,2026-07-08,23,4,Yüzey kusuru
2871,2871,2026-07-28,67,6,Malzeme uygunsuzluğu
2872,2872,2026-07-01,293,19,Malzeme uygunsuzluğu
2873,2873,2026-06-21,1564,3,Fonksiyon testi başarısız
2874,2874,2026-07-21,50,9,Dokümantasyon eksikliği
2875,2875,2026-06-17,50,0,
2876,2876,2026-07-23,27,0,
2877,2877,2026-06-27,341,2,Yüzey kusuru
2878,2878,2026-06-24,50,0,
2879,2879,2026-07-13,45,2,Boyutsal sapma
2880,2880,2026-07-07,673,3,Boyutsal sapma
2881,2881,2026-06-26,739,30,Boyutsal sapma
2882,2882,2026-06-26,50,0,
2883,2883,2026-07-02,50,0,
2884,2884,2026-07-09,73,1,Malzeme uygunsuzluğu
2885,2885,2026-06-22,50,0,
2886,2886,2026-07-05,50,0,
2887,2887,2026-07-31,50,4,Fonksiyon testi başarısız
2888,2888,2026-07-06,547,9,Malzeme uygunsuzluğu
2889,2889,2026-07-03,219,6,Malzeme uygunsuzluğu
2890,2890,2026-07-13,50,2,Boyutsal sapma
2891,2891,2026-06-25,50,1,Fonksiyon testi başarısız
2892,2892,2026-06-29,104,5,Yüzey kusuru
2893,2893,2026-07-21,50,2,Dokümantasyon eksikliği
2894,2894,2026-06-26,179,4,Boyutsal sapma
2895,2895,2026-07-07,79,0,
2896,2896,2026-07-27,29,3,Dokümantasyon eksikliği
2897,2897,2026-06-27,50,1,Malzeme uygunsuzluğu
2898,2898,2026-07-19,48,0,
2899,2899,2026-08-15,25,0,
2900,2900,2026-08-10,22,0,
2901,2901,2026-07-07,50,0,
2902,2902,2026-08-23,50,1,Fonksiyon testi başarısız
2903,2903,2026-07-23,50,3,Fonksiyon testi başarısız
2904,2904,2026-08-12,23,0,
2905,2905,2026-07-14,52,1,Malzeme uygunsuzluğu
2906,2906,2026-07-08,34,2,Yüzey kusuru
2907,2907,2026-07-20,50,3,Yüzey kusuru
2908,2908,2026-07-03,515,2,Yüzey kusuru
2909,2909,2026-07-07,50,8,Fonksiyon testi başarısız
2910,2910,2026-08-08,65,1,Fonksiyon testi başarısız
2911,2911,2026-07-10,50,4,Dokümantasyon eksikliği
2912,2912,2026-07-20,100,0,
2913,2913,2026-07-22,50,1,Malzeme uygunsuzluğu
2914,2914,2026-07-02,50,5,Yüzey kusuru
2915,2915,2026-07-27,50,2,Fonksiyon testi başarısız
2916,2916,2026-08-13,50,2,Fonksiyon testi başarısız
2917,2917,2026-07-27,63,0,
2918,2918,2026-08-16,18,0,
2919,2919,2026-09-03,50,4,Dokümantasyon eksikliği
2920,2920,2026-07-11,51,8,Boyutsal sapma
2921,2921,2026-07-21,34,3,Yüzey kusuru
2922,2922,2026-08-11,29,1,Boyutsal sapma
2923,2923,2026-07-15,51,4,Malzeme uygunsuzluğu
2924,2924,2026-08-12,50,2,Dokümantasyon eksikliği
2925,2925,2026-07-13,80,5,Dokümantasyon eksikliği
2926,2926,2026-08-04,50,0,
2927,2927,2026-07-11,50,4,Dokümantasyon eksikliği
2928,2928,2026-08-01,26,0,
2929,2929,2026-08-01,50,0,
2930,2930,2026-07-28,116,12,Dokümantasyon eksikliği
2931,2931,2026-08-01,50,1,Boyutsal sapma
2932,2932,2026-08-17,50,2,Boyutsal sapma
2933,2933,2026-07-18,50,0,
2934,2934,2026-07-08,50,4,Dokümantasyon eksikliği
2935,2935,2026-07-19,846,36,Dokümantasyon eksikliği
2936,2936,2026-07-15,50,1,Boyutsal sapma
2937,2937,2026-07-12,50,0,
2938,2938,2026-08-02,50,1,Yüzey kusuru
2939,2939,2026-07-12,50,2,Yüzey kusuru
2940,2940,2026-07-31,50,1,Malzeme uygunsuzluğu
2941,2941,2026-07-14,278,2,Boyutsal sapma
2942,2942,2026-07-20,50,2,Boyutsal sapma
2943,2943,2026-08-08,50,8,Dokümantasyon eksikliği
2944,2944,2026-08-21,8,1,Yüzey kusuru
2945,2945,2026-07-21,50,1,Dokümantasyon eksikliği
2946,2946,2026-08-13,28,1,Malzeme uygunsuzluğu
2947,2947,2026-08-26,23,0,
2948,2948,2026-08-19,50,7,Yüzey kusuru
2949,2949,2026-07-18,235,1,Boyutsal sapma
2950,2950,2026-08-04,50,1,Yüzey kusuru
2951,2951,2026-08-30,13,1,Malzeme uygunsuzluğu
2952,2952,2026-07-31,63,3,Malzeme uygunsuzluğu
2953,2953,2026-08-16,4,0,
2954,2954,2026-07-26,50,3,Dokümantasyon eksikliği
2955,2955,2026-08-09,17,1,Fonksiyon testi başarısız
2956,2956,2026-08-30,12,0,
2957,2957,2026-07-25,35,0,
2958,2958,2026-07-26,50,1,Fonksiyon testi başarısız
2959,2959,2026-07-21,50,3,Boyutsal sapma
2960,2960,2026-08-11,50,2,Boyutsal sapma
2961,2961,2026-08-22,17,0,
2962,2962,2026-08-28,50,5,Fonksiyon testi başarısız
2963,2963,2026-07-16,50,1,Boyutsal sapma
2964,2964,2026-08-02,191,2,Boyutsal sapma
2965,2965,2026-07-29,50,4,Malzeme uygunsuzluğu
2966,2966,2026-08-26,50,3,Malzeme uygunsuzluğu
2967,2967,2026-07-28,50,0,
2968,2968,2026-08-01,77,7,Yüzey kusuru
2969,2969,2026-08-06,95,2,Yüzey kusuru
2970,2970,2026-07-30,50,0,
2971,2971,2026-08-15,24,0,
2972,2972,2026-08-17,33,2,Dokümantasyon eksikliği
2973,2973,2026-08-06,50,9,Dokümantasyon eksikliği
2974,2974,2026-08-29,50,5,Fonksiyon testi başarısız
2975,2975,2026-09-02,50,2,Malzeme uygunsuzluğu
2976,2976,2026-07-26,54,1,Fonksiyon testi başarısız
2977,2977,2026-07-26,50,3,Dokümantasyon eksikliği
2978,2978,2026-07-31,50,0,
2979,2979,2026-07-27,253,12,Boyutsal sapma
2980,2980,2026-08-10,50,1,Boyutsal sapma
2981,2981,2026-08-30,5,0,
2982,2982,2026-08-25,19,1,Boyutsal sapma
2983,2983,2026-09-15,9,1,Dokümantasyon eksikliği
2984,2984,2026-08-14,50,3,Dokümantasyon eksikliği
2985,2985,2026-09-10,50,8,Fonksiyon testi başarısız
2986,2986,2026-07-24,50,3,Dokümantasyon eksikliği
2987,2987,2026-07-26,50,3,Yüzey kusuru
2988,2988,2026-08-25,6,0,
2989,2989,2026-07-28,108,2,Dokümantasyon eksikliği
2990,2990,2026-07-30,118,0,
2991,2991,2026-08-28,31,2,Yüzey kusuru
2992,2992,2026-09-08,8,1,Dokümantasyon eksikliği
2993,2993,2026-08-15,50,3,Boyutsal sapma
2994,2994,2026-08-26,16,0,
2995,2995,2026-09-05,50,3,Fonksiyon testi başarısız
2996,2996,2026-08-01,662,12,Fonksiyon testi başarısız
2997,2997,2026-08-01,50,0,
2998,2998,2026-08-15,50,3,Malzeme uygunsuzluğu
2999,2999,2026-08-29,50,2,Malzeme uygunsuzluğu
3000,3000,2026-07-27,50,1,Malzeme uygunsuzluğu
3001,3001,2026-09-07,13,0,
3002,3002,2026-07-30,235,15,Yüzey kusuru
3003,3003,2026-08-11,50,5,Boyutsal sapma
3004,3004,2026-08-25,10,0,
3005,3005,2026-08-05,288,3,Boyutsal sapma
3006,3006,2026-07-30,50,2,Malzeme uygunsuzluğu
3007,3007,2026-08-04,213,7,Malzeme uygunsuzluğu
3008,3008,2026-09-06,50,6,Malzeme uygunsuzluğu
3009,3009,2026-08-30,44,1,Dokümantasyon eksikliği
3010,3010,2026-09-01,12,0,
3011,3011,2026-08-22,50,0,
3012,3012,2026-08-10,50,2,Malzeme uygunsuzluğu
3013,3013,2026-08-28,50,2,Yüzey kusuru
3014,3014,2026-09-14,31,0,
3015,3015,2026-08-09,50,7,Malzeme uygunsuzluğu
3016,3016,2026-09-17,14,0,
3017,3017,2026-08-05,82,1,Yüzey kusuru
3018,3018,2026-08-13,54,1,Dokümantasyon eksikliği
3019,3019,2026-07-31,50,0,
3020,3020,2026-09-15,14,0,
3021,3021,2026-08-26,50,4,Yüzey kusuru
3022,3022,2026-09-09,9,0,
3023,3023,2026-08-07,50,5,Yüzey kusuru
3024,3024,2026-08-05,50,5,Malzeme uygunsuzluğu
3025,3025,2026-08-28,50,2,Malzeme uygunsuzluğu
3026,3026,2026-08-22,50,2,Yüzey kusuru
3027,3027,2026-08-12,50,3,Boyutsal sapma
3028,3028,2026-09-26,47,1,Yüzey kusuru
3029,3029,2026-08-09,358,4,Fonksiyon testi başarısız
3030,3030,2026-08-21,50,1,Boyutsal sapma
3031,3031,2026-09-06,63,7,Boyutsal sapma
3032,3032,2026-08-06,141,9,Fonksiyon testi başarısız
3033,3033,2026-08-15,97,4,Dokümantasyon eksikliği
3034,3034,2026-08-12,156,5,Yüzey kusuru
3035,3035,2026-08-16,50,0,
3036,3036,2026-09-04,39,1,Malzeme uygunsuzluğu
3037,3037,2026-08-26,92,2,Malzeme uygunsuzluğu
3038,3038,2026-08-20,50,1,Fonksiyon testi başarısız
3039,3039,2026-08-11,212,2,Malzeme uygunsuzluğu
3040,3040,2026-08-15,72,4,Boyutsal sapma
3041,3041,2026-09-02,50,2,Yüzey kusuru
3042,3042,2026-09-07,42,0,
3043,3043,2026-08-30,50,0,
3044,3044,2026-08-26,50,0,
3045,3045,2026-09-03,50,1,Malzeme uygunsuzluğu
3046,3046,2026-08-12,50,5,Yüzey kusuru
3047,3047,2026-09-17,99,11,Dokümantasyon eksikliği
3048,3048,2026-08-25,59,6,Malzeme uygunsuzluğu
3049,3049,2026-08-18,50,1,Yüzey kusuru
3050,3050,2026-09-23,11,0,
3051,3051,2026-08-19,349,5,Boyutsal sapma
3052,3052,2026-09-29,11,0,
3053,3053,2026-09-04,50,0,
3054,3054,2026-09-22,50,3,Dokümantasyon eksikliği
3055,3055,2026-09-19,12,0,
3056,3056,2026-09-05,39,0,
3057,3057,2026-08-21,409,5,Malzeme uygunsuzluğu
3058,3058,2026-08-24,219,4,Fonksiyon testi başarısız
3059,3059,2026-09-09,60,2,Boyutsal sapma
3060,3060,2026-08-19,50,3,Malzeme uygunsuzluğu
3061,3061,2026-08-24,398,2,Dokümantasyon eksikliği
3062,3062,2026-08-20,50,2,Malzeme uygunsuzluğu
3063,3063,2026-09-20,18,1,Dokümantasyon eksikliği
3064,3064,2026-09-24,11,0,
3065,3065,2026-09-06,79,13,Dokümantasyon eksikliği
3066,3066,2026-09-05,47,3,Malzeme uygunsuzluğu
3067,3067,2026-09-10,50,0,
3068,3068,2026-09-19,7,0,
3069,3069,2026-08-30,215,0,
3070,3070,2026-09-29,34,0,
3071,3071,2026-09-26,22,0,
3072,3072,2026-09-03,50,1,Boyutsal sapma
3073,3073,2026-08-30,66,5,Fonksiyon testi başarısız
3074,3074,2026-09-14,50,1,Dokümantasyon eksikliği
3075,3075,2026-09-11,38,0,
3076,3076,2026-08-27,837,17,Boyutsal sapma
3077,3077,2026-09-03,50,0,
3078,3078,2026-09-02,46,0,
3079,3079,2026-09-11,36,2,Boyutsal sapma
3080,3080,2026-09-10,94,3,Yüzey kusuru
3081,3081,2026-09-03,181,1,Yüzey kusuru
3082,3082,2026-08-28,50,4,Yüzey kusuru
3083,3083,2026-09-12,31,0,
3084,3084,2026-09-26,11,2,Boyutsal sapma
3085,3085,2026-09-16,50,3,Malzeme uygunsuzluğu
3086,3086,2026-09-22,50,2,Boyutsal sapma
3087,3087,2026-09-13,28,1,Yüzey kusuru
3088,3088,2026-09-01,145,1,Yüzey kusuru
3089,3089,2026-09-22,39,1,Malzeme uygunsuzluğu
3090,3090,2026-09-15,50,4,Yüzey kusuru
3091,3091,2026-08-31,50,0,
3092,3092,2026-09-07,50,2,Malzeme uygunsuzluğu
3093,3093,2026-09-05,100,6,Boyutsal sapma
3094,3094,2026-08-26,50,1,Fonksiyon testi başarısız
3095,3095,2026-09-10,50,4,Malzeme uygunsuzluğu
3096,3096,2026-09-08,130,14,Boyutsal sapma
3097,3097,2026-09-14,50,1,Fonksiyon testi başarısız
3098,3098,2026-09-01,65,3,Fonksiyon testi başarısız
3099,3099,2026-09-01,50,0,
3100,3100,2026-09-12,50,2,Yüzey kusuru
3101,3101,2026-09-03,27,2,Yüzey kusuru
3102,3102,2026-09-20,50,6,Fonksiyon testi başarısız
3103,3103,2026-09-12,50,1,Malzeme uygunsuzluğu
3104,3104,2026-09-20,50,7,Malzeme uygunsuzluğu
3105,3105,2026-09-21,50,4,Yüzey kusuru
3106,3106,2026-10-02,18,0,
3107,3107,2026-09-04,50,7,Malzeme uygunsuzluğu
3108,3108,2026-09-28,50,4,Malzeme uygunsuzluğu
3109,3109,2026-09-15,51,2,Yüzey kusuru
3110,3110,2026-09-08,50,1,Malzeme uygunsuzluğu
3111,3111,2026-09-24,50,1,Malzeme uygunsuzluğu
3112,3112,2026-09-14,50,0,
3113,3113,2026-09-22,50,11,Yüzey kusuru
3114,3114,2026-09-08,109,13,Boyutsal sapma
3115,3115,2026-09-13,50,2,Boyutsal sapma
3116,3116,2026-09-20,76,3,Boyutsal sapma
3117,3117,2026-09-02,86,2,Dokümantasyon eksikliği
3118,3118,2026-09-06,65,8,Yüzey kusuru
3119,3119,2026-09-30,11,0,
3120,3120,2026-09-07,50,0,
3121,3121,2026-09-10,50,2,Dokümantasyon eksikliği
3122,3122,2026-09-06,55,1,Yüzey kusuru
3123,3123,2026-09-20,50,1,Dokümantasyon eksikliği
3124,3124,2026-09-10,77,4,Fonksiyon testi başarısız
3125,3125,2026-09-16,235,0,
3126,3126,2026-09-30,704,8,Dokümantasyon eksikliği
3127,3127,2026-10-01,50,0,
3128,3128,2026-09-14,51,1,Dokümantasyon eksikliği
3129,3129,2026-09-21,71,5,Dokümantasyon eksikliği
3130,3130,2026-09-13,357,10,Boyutsal sapma
3131,3131,2026-09-20,50,4,Fonksiyon testi başarısız
3132,3132,2026-09-24,90,3,Fonksiyon testi başarısız
3133,3133,2026-09-28,528,2,Yüzey kusuru
3134,3134,2026-09-28,50,1,Fonksiyon testi başarısız
3135,3135,2026-09-29,50,0,
3136,3136,2026-09-16,50,2,Malzeme uygunsuzluğu
3137,3137,2026-09-27,23,1,Yüzey kusuru
3138,3138,2026-09-22,58,1,Boyutsal sapma
3139,3139,2026-09-30,777,28,Dokümantasyon eksikliği
